settlement_id,bank_transaction_id,ml_confidence,llm_decision,llm_confidence,reason,evidence.amount,evidence.date,evidence.utr,evidence.narration,evidence_amount,evidence_date,evidence_utr,evidence_narration,fallback_triggered
ORD-5027,UTR524971960828,0.9775562152733952,match,0.98,"Exact amount and currency match, dates differ by only one day, narration similarity is high (0.76), and ML confidence is 0.9776; the only missing piece is the settlement UTR, which does not preclude a match.",1484.92 vs 1484.92,2026-07-06 vs 2026-07-07,null vs UTR524971960828,NEFT-CR-YUSUFMERCHANT (bank) vs none (settlement),1484.92 vs 1484.92,2026-07-06 vs 2026-07-07,null vs UTR524971960828,NEFT-CR-YUSUFMERCHANT (bank) vs none (settlement),False
ORD-5029,UTR398235977635,0.9890871624548624,match,0.94,"Identical amounts, minimal date gap, and high narration similarity together with a 0.989 ML confidence strongly indicate the records represent the same payment despite the missing UTR on the settlement side.","Exact amount match (₹41,432.97)",Settlement date 2026-07-27 vs bank transaction date 2026-07-29 (2‑day gap),"UTR missing in settlement, present in bank transaction",Narration similarity 0.75 indicates likely same payee,"Exact amount match (₹41,432.97)",Settlement date 2026-07-27 vs bank transaction date 2026-07-29 (2‑day gap),"UTR missing in settlement, present in bank transaction",Narration similarity 0.75 indicates likely same payee,False
PGREF721458,UTR112790183691,0.6754728362386971,review,0.68,"Amounts and dates are closely aligned, suggesting a possible match, but the lack of UTR or other identifier matches and low narration similarity create ambiguity, warranting further review.","Settlement amount 2350.30 INR vs bank credit 2354.87 INR (difference 4.57 INR, 0.19%)",Settlement date 2026-07-13 vs bank transaction date 2026-07-11 (2‑day gap),UTR values differ; no exact match,Low narration similarity (0.1905),"Settlement amount 2350.30 INR vs bank credit 2354.87 INR (difference 4.57 INR, 0.19%)",Settlement date 2026-07-13 vs bank transaction date 2026-07-11 (2‑day gap),UTR values differ; no exact match,Low narration similarity (0.1905),False
UPI2026077421181574,UTR524971960828,0.3536901524626814,review,0.45,"Amounts are close but differ by 2.8% and UTRs do not match, while date and currency align; the mismatch in identifiers creates ambiguity, so the pair should be reviewed.","1527.32 vs 1484.92 (difference 42.4 INR, 2.8% of amount)",Both on 2026-07-07 (date difference 0 days),UTR values differ; settlement UTR 572594932350.0 vs bank UTR UTR524971960828,Bank description 'NEFT-CR-YUSUFMERCHANT' does not clearly match settlement context,"1527.32 vs 1484.92 (difference 42.4 INR, 2.8% of amount)",Both on 2026-07-07 (date difference 0 days),UTR values differ; settlement UTR 572594932350.0 vs bank UTR UTR524971960828,Bank description 'NEFT-CR-YUSUFMERCHANT' does not clearly match settlement context,False
ORD-5038,UTR251113786540,0.7249538913041281,review,0.72,"While the amounts and currency align, the large date gap and lack of matching identifiers (UTR, order ID) create ambiguity, so the pair requires human review.",Amounts match closely (difference 0.07 INR),Date difference of 26 days (settlement 2026-08-06 vs transaction 2026-07-11),"UTR present only on bank transaction, missing on settlement",Low narration similarity (0.25),Amounts match closely (difference 0.07 INR),Date difference of 26 days (settlement 2026-08-06 vs transaction 2026-07-11),"UTR present only on bank transaction, missing on settlement",Low narration similarity (0.25),False
ORD-5019,UTR112790183691,0.6754728362386971,review,0.65,"The amounts are very close and dates are within 2 days, suggesting a possible match, but the absence of a UTR and low narration similarity create uncertainty.","Settlement 2350.30 vs Bank 2354.87 (diff 4.57 INR, 0.19%)",Settlement 2026-07-13 vs Bank 2026-07-11 (2 days apart),"UTR missing in settlement, present in bank",Low similarity (0.2143) between settlement and bank description,"Settlement 2350.30 vs Bank 2354.87 (diff 4.57 INR, 0.19%)",Settlement 2026-07-13 vs Bank 2026-07-11 (2 days apart),"UTR missing in settlement, present in bank",Low similarity (0.2143) between settlement and bank description,False
ORD-5025,UTR897413148929,0.9511667852688648,match,0.9512,"Exact amount and currency match, narration similarity high, and the 15‑day date difference matches the expected settlement gap, outweighing the missing UTR.",Exact amount match 30980.83 INR on both records,"Dates differ by 15 days, which aligns with the expected settlement date gap of 15 days","UTR missing on settlement; no direct match, but other evidence strong",Narration similarity score 0.7333 indicating strong textual match (NEFT-CR-SANYAKAPOOR),Exact amount match 30980.83 INR on both records,"Dates differ by 15 days, which aligns with the expected settlement date gap of 15 days","UTR missing on settlement; no direct match, but other evidence strong",Narration similarity score 0.7333 indicating strong textual match (NEFT-CR-SANYAKAPOOR),False
ORD-5005,UTR524971960828,0.3536901524626814,review,0.35,"Amounts are close but differ by ~2.8% and there is no matching UTR or other identifiers; while dates align, the lack of strong linking evidence makes the match ambiguous.","Settlement amount 1527.32 vs bank credit 1484.92 (difference 42.4 INR, 2.78%)",Both dated 2026-07-07 (0 days difference),"Settlement UTR missing; bank UTR present, no match",Low narration similarity (0.1212),"Settlement amount 1527.32 vs bank credit 1484.92 (difference 42.4 INR, 2.78%)",Both dated 2026-07-07 (0 days difference),"Settlement UTR missing; bank UTR present, no match",Low narration similarity (0.1212),False
ORD-5026,UTR164339399508,0.6255801424587891,review,0.63,"The amounts are very close and dates are within one day, with moderate narration similarity, but the lack of any matching UTR or order identifier creates uncertainty, warranting manual review.",Amount difference of 164.53 INR (0.35%),Dates differ by 1 day,"UTR missing in settlement, no match",Narration similarity 0.7143,Amount difference of 164.53 INR (0.35%),Dates differ by 1 day,"UTR missing in settlement, no match",Narration similarity 0.7143,False
