settlement_id,bank_transaction_id,label,confidence,prediction,correct,best_score,second_best_score,margin,candidate_count
ORD-5028,UTR215256385481,1,1.0,1,True,1.0,0.0,1.0,13
ORD-5028,UTR218242398173,0,0.0,0,True,1.0,0.0,1.0,13
ORD-5028,UTR828067113431,0,0.0,0,True,1.0,0.0,1.0,13
ORD-5028,UTR112790183691,0,0.0,0,True,1.0,0.0,1.0,13
ORD-5028,UTR164339399508,0,0.0,0,True,1.0,0.0,1.0,13
ORD-5028,UTR897413148929,0,0.0,0,True,1.0,0.0,1.0,13
ORD-5028,UTR251113786540,0,0.0,0,True,1.0,0.0,1.0,13
ORD-5028,UTR668163047993,0,0.0,0,True,1.0,0.0,1.0,13
ORD-5028,UTR398235977635,0,0.0,0,True,1.0,0.0,1.0,13
ORD-5028,UTR467567156492,0,0.0,0,True,1.0,0.0,1.0,13
ORD-5028,UTR301320421069,0,0.0,0,True,1.0,0.0,1.0,13
ORD-5028,UTR524971960828,0,0.0,0,True,1.0,0.0,1.0,13
ORD-5028,UTR550585953330,0,0.0,0,True,1.0,0.0,1.0,13
ORD-5031,UTR218242398173,1,1.0,1,True,1.0,0.0,1.0,13
ORD-5031,UTR828067113431,0,0.0,0,True,1.0,0.0,1.0,13
ORD-5031,UTR112790183691,0,0.0,0,True,1.0,0.0,1.0,13
ORD-5031,UTR164339399508,0,0.0,0,True,1.0,0.0,1.0,13
ORD-5031,UTR897413148929,0,0.0,0,True,1.0,0.0,1.0,13
ORD-5031,UTR251113786540,0,0.0,0,True,1.0,0.0,1.0,13
ORD-5031,UTR668163047993,0,0.0,0,True,1.0,0.0,1.0,13
ORD-5031,UTR398235977635,0,0.0,0,True,1.0,0.0,1.0,13
ORD-5031,UTR467567156492,0,0.0,0,True,1.0,0.0,1.0,13
ORD-5031,UTR301320421069,0,0.0,0,True,1.0,0.0,1.0,13
ORD-5031,UTR524971960828,0,0.0,0,True,1.0,0.0,1.0,13
ORD-5031,UTR215256385481,0,0.0,0,True,1.0,0.0,1.0,13
ORD-5031,UTR550585953330,0,0.0,0,True,1.0,0.0,1.0,13
ORD-5030,UTR828067113431,1,1.0,1,True,1.0,0.0,1.0,13
ORD-5030,UTR218242398173,0,0.0,0,True,1.0,0.0,1.0,13
ORD-5030,UTR112790183691,0,0.0,0,True,1.0,0.0,1.0,13
ORD-5030,UTR164339399508,0,0.0,0,True,1.0,0.0,1.0,13
ORD-5030,UTR897413148929,0,0.0,0,True,1.0,0.0,1.0,13
ORD-5030,UTR251113786540,0,0.0,0,True,1.0,0.0,1.0,13
ORD-5030,UTR668163047993,0,0.0,0,True,1.0,0.0,1.0,13
ORD-5030,UTR398235977635,0,0.0,0,True,1.0,0.0,1.0,13
ORD-5030,UTR467567156492,0,0.0,0,True,1.0,0.0,1.0,13
ORD-5030,UTR301320421069,0,0.0,0,True,1.0,0.0,1.0,13
ORD-5030,UTR524971960828,0,0.0,0,True,1.0,0.0,1.0,13
ORD-5030,UTR215256385481,0,0.0,0,True,1.0,0.0,1.0,13
ORD-5030,UTR550585953330,0,0.0,0,True,1.0,0.0,1.0,13
ORD-5027,UTR524971960828,1,0.9775562152733951,1,True,0.9776,0.0,0.9776,13
ORD-5027,UTR218242398173,0,0.0,0,True,0.9776,0.0,0.9776,13
ORD-5027,UTR828067113431,0,0.0,0,True,0.9776,0.0,0.9776,13
ORD-5027,UTR112790183691,0,0.0,0,True,0.9776,0.0,0.9776,13
ORD-5027,UTR164339399508,0,0.0,0,True,0.9776,0.0,0.9776,13
ORD-5027,UTR897413148929,0,0.0,0,True,0.9776,0.0,0.9776,13
ORD-5027,UTR251113786540,0,0.0,0,True,0.9776,0.0,0.9776,13
ORD-5027,UTR668163047993,0,0.0,0,True,0.9776,0.0,0.9776,13
ORD-5027,UTR398235977635,0,0.0,0,True,0.9776,0.0,0.9776,13
ORD-5027,UTR467567156492,0,0.0,0,True,0.9776,0.0,0.9776,13
ORD-5027,UTR301320421069,0,0.0,0,True,0.9776,0.0,0.9776,13
ORD-5027,UTR215256385481,0,0.0,0,True,0.9776,0.0,0.9776,13
ORD-5027,UTR550585953330,0,0.0,0,True,0.9776,0.0,0.9776,13
ORD-5029,UTR398235977635,1,0.9890871624548624,1,True,0.9891,0.0,0.9891,13
ORD-5029,UTR218242398173,0,0.0,0,True,0.9891,0.0,0.9891,13
ORD-5029,UTR828067113431,0,0.0,0,True,0.9891,0.0,0.9891,13
ORD-5029,UTR112790183691,0,0.0,0,True,0.9891,0.0,0.9891,13
ORD-5029,UTR164339399508,0,0.0,0,True,0.9891,0.0,0.9891,13
ORD-5029,UTR897413148929,0,0.0,0,True,0.9891,0.0,0.9891,13
ORD-5029,UTR251113786540,0,0.0,0,True,0.9891,0.0,0.9891,13
ORD-5029,UTR668163047993,0,0.0,0,True,0.9891,0.0,0.9891,13
ORD-5029,UTR467567156492,0,0.0,0,True,0.9891,0.0,0.9891,13
ORD-5029,UTR301320421069,0,0.0,0,True,0.9891,0.0,0.9891,13
ORD-5029,UTR524971960828,0,0.0,0,True,0.9891,0.0,0.9891,13
ORD-5029,UTR215256385481,0,0.0,0,True,0.9891,0.0,0.9891,13
ORD-5029,UTR550585953330,0,0.0,0,True,0.9891,0.0,0.9891,13
CV3001,UTR218242398173,0,0.0,0,True,0.0,0.0,0.0,13
CV3001,UTR828067113431,0,0.0,0,True,0.0,0.0,0.0,13
CV3001,UTR112790183691,0,0.0,0,True,0.0,0.0,0.0,13
CV3001,UTR164339399508,0,0.0,0,True,0.0,0.0,0.0,13
CV3001,UTR897413148929,0,0.0,0,True,0.0,0.0,0.0,13
CV3001,UTR251113786540,0,0.0,0,True,0.0,0.0,0.0,13
CV3001,UTR668163047993,0,0.0,0,True,0.0,0.0,0.0,13
CV3001,UTR398235977635,0,0.0,0,True,0.0,0.0,0.0,13
CV3001,UTR467567156492,0,0.0,0,True,0.0,0.0,0.0,13
CV3001,UTR301320421069,0,0.0,0,True,0.0,0.0,0.0,13
CV3001,UTR524971960828,0,0.0,0,True,0.0,0.0,0.0,13
CV3001,UTR215256385481,0,0.0,0,True,0.0,0.0,0.0,13
CV3001,UTR550585953330,0,0.0,0,True,0.0,0.0,0.0,13
CV3000,UTR218242398173,0,0.0,0,True,0.0,0.0,0.0,13
CV3000,UTR828067113431,0,0.0,0,True,0.0,0.0,0.0,13
CV3000,UTR112790183691,0,0.0,0,True,0.0,0.0,0.0,13
CV3000,UTR164339399508,0,0.0,0,True,0.0,0.0,0.0,13
CV3000,UTR897413148929,0,0.0,0,True,0.0,0.0,0.0,13
CV3000,UTR251113786540,0,0.0,0,True,0.0,0.0,0.0,13
CV3000,UTR668163047993,0,0.0,0,True,0.0,0.0,0.0,13
CV3000,UTR398235977635,0,0.0,0,True,0.0,0.0,0.0,13
CV3000,UTR467567156492,0,0.0,0,True,0.0,0.0,0.0,13
CV3000,UTR301320421069,0,0.0,0,True,0.0,0.0,0.0,13
CV3000,UTR524971960828,0,0.0,0,True,0.0,0.0,0.0,13
CV3000,UTR215256385481,0,0.0,0,True,0.0,0.0,0.0,13
CV3000,UTR550585953330,0,0.0,0,True,0.0,0.0,0.0,13
CV3003,UTR218242398173,0,0.0,0,True,0.0,0.0,0.0,13
CV3003,UTR828067113431,0,0.0,0,True,0.0,0.0,0.0,13
CV3003,UTR112790183691,0,0.0,0,True,0.0,0.0,0.0,13
CV3003,UTR164339399508,0,0.0,0,True,0.0,0.0,0.0,13
CV3003,UTR897413148929,0,0.0,0,True,0.0,0.0,0.0,13
CV3003,UTR251113786540,0,0.0,0,True,0.0,0.0,0.0,13
CV3003,UTR668163047993,0,0.0,0,True,0.0,0.0,0.0,13
CV3003,UTR398235977635,0,0.0,0,True,0.0,0.0,0.0,13
CV3003,UTR467567156492,0,0.0,0,True,0.0,0.0,0.0,13
CV3003,UTR301320421069,0,0.0,0,True,0.0,0.0,0.0,13
CV3003,UTR524971960828,0,0.0,0,True,0.0,0.0,0.0,13
CV3003,UTR215256385481,0,0.0,0,True,0.0,0.0,0.0,13
CV3003,UTR550585953330,0,0.0,0,True,0.0,0.0,0.0,13
CV3008,UTR218242398173,0,0.0,0,True,0.2894,0.0,0.2894,13
CV3008,UTR828067113431,0,0.0,0,True,0.2894,0.0,0.2894,13
CV3008,UTR112790183691,0,0.28939535666275257,0,True,0.2894,0.0,0.2894,13
CV3008,UTR164339399508,0,0.0,0,True,0.2894,0.0,0.2894,13
CV3008,UTR897413148929,0,0.0,0,True,0.2894,0.0,0.2894,13
CV3008,UTR251113786540,0,0.0,0,True,0.2894,0.0,0.2894,13
CV3008,UTR668163047993,0,0.0,0,True,0.2894,0.0,0.2894,13
CV3008,UTR398235977635,0,0.0,0,True,0.2894,0.0,0.2894,13
CV3008,UTR467567156492,0,0.0,0,True,0.2894,0.0,0.2894,13
CV3008,UTR301320421069,0,0.0,0,True,0.2894,0.0,0.2894,13
CV3008,UTR524971960828,0,0.0,0,True,0.2894,0.0,0.2894,13
CV3008,UTR215256385481,0,0.0,0,True,0.2894,0.0,0.2894,13
CV3008,UTR550585953330,0,0.0,0,True,0.2894,0.0,0.2894,13
CV3007,UTR218242398173,0,0.0,0,True,0.0,0.0,0.0,13
CV3007,UTR828067113431,0,0.0,0,True,0.0,0.0,0.0,13
CV3007,UTR112790183691,0,0.0,0,True,0.0,0.0,0.0,13
CV3007,UTR164339399508,0,0.0,0,True,0.0,0.0,0.0,13
CV3007,UTR897413148929,0,0.0,0,True,0.0,0.0,0.0,13
CV3007,UTR251113786540,0,0.0,0,True,0.0,0.0,0.0,13
CV3007,UTR668163047993,0,0.0,0,True,0.0,0.0,0.0,13
CV3007,UTR398235977635,0,0.0,0,True,0.0,0.0,0.0,13
CV3007,UTR467567156492,0,0.0,0,True,0.0,0.0,0.0,13
CV3007,UTR301320421069,0,0.0,0,True,0.0,0.0,0.0,13
CV3007,UTR524971960828,0,0.0,0,True,0.0,0.0,0.0,13
CV3007,UTR215256385481,0,0.0,0,True,0.0,0.0,0.0,13
CV3007,UTR550585953330,0,0.0,0,True,0.0,0.0,0.0,13
CV3010,UTR218242398173,0,0.0,0,True,0.0,0.0,0.0,13
CV3010,UTR828067113431,0,0.0,0,True,0.0,0.0,0.0,13
CV3010,UTR112790183691,0,0.0,0,True,0.0,0.0,0.0,13
CV3010,UTR164339399508,0,0.0,0,True,0.0,0.0,0.0,13
CV3010,UTR897413148929,0,0.0,0,True,0.0,0.0,0.0,13
CV3010,UTR251113786540,0,0.0,0,True,0.0,0.0,0.0,13
CV3010,UTR668163047993,0,0.0,0,True,0.0,0.0,0.0,13
CV3010,UTR398235977635,0,0.0,0,True,0.0,0.0,0.0,13
CV3010,UTR467567156492,0,0.0,0,True,0.0,0.0,0.0,13
CV3010,UTR301320421069,0,0.0,0,True,0.0,0.0,0.0,13
CV3010,UTR524971960828,0,0.0,0,True,0.0,0.0,0.0,13
CV3010,UTR215256385481,0,0.0,0,True,0.0,0.0,0.0,13
CV3010,UTR550585953330,0,0.0,0,True,0.0,0.0,0.0,13
CV3004,UTR218242398173,0,0.0,0,True,0.0,0.0,0.0,13
CV3004,UTR828067113431,0,0.0,0,True,0.0,0.0,0.0,13
CV3004,UTR112790183691,0,0.0,0,True,0.0,0.0,0.0,13
CV3004,UTR164339399508,0,0.0,0,True,0.0,0.0,0.0,13
CV3004,UTR897413148929,0,0.0,0,True,0.0,0.0,0.0,13
CV3004,UTR251113786540,0,0.0,0,True,0.0,0.0,0.0,13
CV3004,UTR668163047993,0,0.0,0,True,0.0,0.0,0.0,13
CV3004,UTR398235977635,0,0.0,0,True,0.0,0.0,0.0,13
CV3004,UTR467567156492,0,0.0,0,True,0.0,0.0,0.0,13
CV3004,UTR301320421069,0,0.0,0,True,0.0,0.0,0.0,13
CV3004,UTR524971960828,0,0.0,0,True,0.0,0.0,0.0,13
CV3004,UTR215256385481,0,0.0,0,True,0.0,0.0,0.0,13
CV3004,UTR550585953330,0,0.0,0,True,0.0,0.0,0.0,13
CV3005,UTR218242398173,0,0.0,0,True,0.1595,0.0,0.1595,13
CV3005,UTR828067113431,0,0.0,0,True,0.1595,0.0,0.1595,13
CV3005,UTR112790183691,0,0.15949692775856564,0,True,0.1595,0.0,0.1595,13
CV3005,UTR164339399508,0,0.0,0,True,0.1595,0.0,0.1595,13
CV3005,UTR897413148929,0,0.0,0,True,0.1595,0.0,0.1595,13
CV3005,UTR251113786540,0,0.0,0,True,0.1595,0.0,0.1595,13
CV3005,UTR668163047993,0,0.0,0,True,0.1595,0.0,0.1595,13
CV3005,UTR398235977635,0,0.0,0,True,0.1595,0.0,0.1595,13
CV3005,UTR467567156492,0,0.0,0,True,0.1595,0.0,0.1595,13
CV3005,UTR301320421069,0,0.0,0,True,0.1595,0.0,0.1595,13
CV3005,UTR524971960828,0,0.0,0,True,0.1595,0.0,0.1595,13
CV3005,UTR215256385481,0,0.0,0,True,0.1595,0.0,0.1595,13
CV3005,UTR550585953330,0,0.0,0,True,0.1595,0.0,0.1595,13
CV3006,UTR218242398173,0,0.0,0,True,0.0,0.0,0.0,13
CV3006,UTR828067113431,0,0.0,0,True,0.0,0.0,0.0,13
CV3006,UTR112790183691,0,0.0,0,True,0.0,0.0,0.0,13
CV3006,UTR164339399508,0,0.0,0,True,0.0,0.0,0.0,13
CV3006,UTR897413148929,0,0.0,0,True,0.0,0.0,0.0,13
CV3006,UTR251113786540,0,0.0,0,True,0.0,0.0,0.0,13
CV3006,UTR668163047993,0,0.0,0,True,0.0,0.0,0.0,13
CV3006,UTR398235977635,0,0.0,0,True,0.0,0.0,0.0,13
CV3006,UTR467567156492,0,0.0,0,True,0.0,0.0,0.0,13
CV3006,UTR301320421069,0,0.0,0,True,0.0,0.0,0.0,13
CV3006,UTR524971960828,0,0.0,0,True,0.0,0.0,0.0,13
CV3006,UTR215256385481,0,0.0,0,True,0.0,0.0,0.0,13
CV3006,UTR550585953330,0,0.0,0,True,0.0,0.0,0.0,13
CV3009,UTR218242398173,0,0.0,0,True,0.0,0.0,0.0,13
CV3009,UTR828067113431,0,0.0,0,True,0.0,0.0,0.0,13
CV3009,UTR112790183691,0,0.0,0,True,0.0,0.0,0.0,13
CV3009,UTR164339399508,0,0.0,0,True,0.0,0.0,0.0,13
CV3009,UTR897413148929,0,0.0,0,True,0.0,0.0,0.0,13
CV3009,UTR251113786540,0,0.0,0,True,0.0,0.0,0.0,13
CV3009,UTR668163047993,0,0.0,0,True,0.0,0.0,0.0,13
CV3009,UTR398235977635,0,0.0,0,True,0.0,0.0,0.0,13
CV3009,UTR467567156492,0,0.0,0,True,0.0,0.0,0.0,13
CV3009,UTR301320421069,0,0.0,0,True,0.0,0.0,0.0,13
CV3009,UTR524971960828,0,0.0,0,True,0.0,0.0,0.0,13
CV3009,UTR215256385481,0,0.0,0,True,0.0,0.0,0.0,13
CV3009,UTR550585953330,0,0.0,0,True,0.0,0.0,0.0,13
CV3002,UTR218242398173,0,0.0,0,True,0.0,0.0,0.0,13
CV3002,UTR828067113431,0,0.0,0,True,0.0,0.0,0.0,13
CV3002,UTR112790183691,0,0.0,0,True,0.0,0.0,0.0,13
CV3002,UTR164339399508,0,0.0,0,True,0.0,0.0,0.0,13
CV3002,UTR897413148929,0,0.0,0,True,0.0,0.0,0.0,13
CV3002,UTR251113786540,0,0.0,0,True,0.0,0.0,0.0,13
CV3002,UTR668163047993,0,0.0,0,True,0.0,0.0,0.0,13
CV3002,UTR398235977635,0,0.0,0,True,0.0,0.0,0.0,13
CV3002,UTR467567156492,0,0.0,0,True,0.0,0.0,0.0,13
CV3002,UTR301320421069,0,0.0,0,True,0.0,0.0,0.0,13
CV3002,UTR524971960828,0,0.0,0,True,0.0,0.0,0.0,13
CV3002,UTR215256385481,0,0.0,0,True,0.0,0.0,0.0,13
CV3002,UTR550585953330,0,0.0,0,True,0.0,0.0,0.0,13
PGREF327306,UTR218242398173,0,0.0,0,True,0.0,0.0,0.0,13
PGREF327306,UTR828067113431,0,0.0,0,True,0.0,0.0,0.0,13
PGREF327306,UTR112790183691,0,0.0,0,True,0.0,0.0,0.0,13
PGREF327306,UTR164339399508,0,0.0,0,True,0.0,0.0,0.0,13
PGREF327306,UTR897413148929,0,0.0,0,True,0.0,0.0,0.0,13
PGREF327306,UTR251113786540,0,0.0,0,True,0.0,0.0,0.0,13
PGREF327306,UTR668163047993,0,0.0,0,True,0.0,0.0,0.0,13
PGREF327306,UTR398235977635,0,0.0,0,True,0.0,0.0,0.0,13
PGREF327306,UTR467567156492,0,0.0,0,True,0.0,0.0,0.0,13
PGREF327306,UTR301320421069,0,0.0,0,True,0.0,0.0,0.0,13
PGREF327306,UTR524971960828,0,0.0,0,True,0.0,0.0,0.0,13
PGREF327306,UTR215256385481,0,0.0,0,True,0.0,0.0,0.0,13
PGREF327306,UTR550585953330,0,0.0,0,True,0.0,0.0,0.0,13
PGREF721458,UTR218242398173,0,0.0,0,True,0.6755,0.0,0.6755,13
PGREF721458,UTR828067113431,0,0.0,0,True,0.6755,0.0,0.6755,13
PGREF721458,UTR112790183691,0,0.6754728362386971,1,False,0.6755,0.0,0.6755,13
PGREF721458,UTR164339399508,0,0.0,0,True,0.6755,0.0,0.6755,13
PGREF721458,UTR897413148929,0,0.0,0,True,0.6755,0.0,0.6755,13
PGREF721458,UTR251113786540,0,0.0,0,True,0.6755,0.0,0.6755,13
PGREF721458,UTR668163047993,0,0.0,0,True,0.6755,0.0,0.6755,13
PGREF721458,UTR398235977635,0,0.0,0,True,0.6755,0.0,0.6755,13
PGREF721458,UTR467567156492,0,0.0,0,True,0.6755,0.0,0.6755,13
PGREF721458,UTR301320421069,0,0.0,0,True,0.6755,0.0,0.6755,13
PGREF721458,UTR524971960828,0,0.0,0,True,0.6755,0.0,0.6755,13
PGREF721458,UTR215256385481,0,0.0,0,True,0.6755,0.0,0.6755,13
PGREF721458,UTR550585953330,0,0.0,0,True,0.6755,0.0,0.6755,13
PGREF387053,UTR218242398173,0,0.0,0,True,0.0,0.0,0.0,13
PGREF387053,UTR828067113431,0,0.0,0,True,0.0,0.0,0.0,13
PGREF387053,UTR112790183691,0,0.0,0,True,0.0,0.0,0.0,13
PGREF387053,UTR164339399508,0,0.0,0,True,0.0,0.0,0.0,13
PGREF387053,UTR897413148929,0,0.0,0,True,0.0,0.0,0.0,13
PGREF387053,UTR251113786540,0,0.0,0,True,0.0,0.0,0.0,13
PGREF387053,UTR668163047993,0,0.0,0,True,0.0,0.0,0.0,13
PGREF387053,UTR398235977635,0,0.0,0,True,0.0,0.0,0.0,13
PGREF387053,UTR467567156492,0,0.0,0,True,0.0,0.0,0.0,13
PGREF387053,UTR301320421069,0,0.0,0,True,0.0,0.0,0.0,13
PGREF387053,UTR524971960828,0,0.0,0,True,0.0,0.0,0.0,13
PGREF387053,UTR215256385481,0,0.0,0,True,0.0,0.0,0.0,13
PGREF387053,UTR550585953330,0,0.0,0,True,0.0,0.0,0.0,13
PGREF355008,UTR218242398173,0,0.0,0,True,0.0,0.0,0.0,13
PGREF355008,UTR828067113431,0,0.0,0,True,0.0,0.0,0.0,13
PGREF355008,UTR112790183691,0,0.0,0,True,0.0,0.0,0.0,13
PGREF355008,UTR164339399508,0,0.0,0,True,0.0,0.0,0.0,13
PGREF355008,UTR897413148929,0,0.0,0,True,0.0,0.0,0.0,13
PGREF355008,UTR251113786540,0,0.0,0,True,0.0,0.0,0.0,13
PGREF355008,UTR668163047993,0,0.0,0,True,0.0,0.0,0.0,13
PGREF355008,UTR398235977635,0,0.0,0,True,0.0,0.0,0.0,13
PGREF355008,UTR467567156492,0,0.0,0,True,0.0,0.0,0.0,13
PGREF355008,UTR301320421069,0,0.0,0,True,0.0,0.0,0.0,13
PGREF355008,UTR524971960828,0,0.0,0,True,0.0,0.0,0.0,13
PGREF355008,UTR215256385481,0,0.0,0,True,0.0,0.0,0.0,13
PGREF355008,UTR550585953330,0,0.0,0,True,0.0,0.0,0.0,13
PGREF522486,UTR218242398173,0,0.0,0,True,0.0,0.0,0.0,13
PGREF522486,UTR828067113431,0,0.0,0,True,0.0,0.0,0.0,13
PGREF522486,UTR112790183691,0,0.0,0,True,0.0,0.0,0.0,13
PGREF522486,UTR164339399508,0,0.0,0,True,0.0,0.0,0.0,13
PGREF522486,UTR897413148929,0,0.0,0,True,0.0,0.0,0.0,13
PGREF522486,UTR251113786540,0,0.0,0,True,0.0,0.0,0.0,13
PGREF522486,UTR668163047993,0,0.0,0,True,0.0,0.0,0.0,13
PGREF522486,UTR398235977635,0,0.0,0,True,0.0,0.0,0.0,13
PGREF522486,UTR467567156492,0,0.0,0,True,0.0,0.0,0.0,13
PGREF522486,UTR301320421069,0,0.0,0,True,0.0,0.0,0.0,13
PGREF522486,UTR524971960828,0,0.0,0,True,0.0,0.0,0.0,13
PGREF522486,UTR215256385481,0,0.0,0,True,0.0,0.0,0.0,13
PGREF522486,UTR550585953330,0,0.0,0,True,0.0,0.0,0.0,13
PGREF755022,UTR218242398173,0,0.0,0,True,0.0,0.0,0.0,13
PGREF755022,UTR828067113431,0,0.0,0,True,0.0,0.0,0.0,13
PGREF755022,UTR112790183691,0,0.0,0,True,0.0,0.0,0.0,13
PGREF755022,UTR164339399508,0,0.0,0,True,0.0,0.0,0.0,13
PGREF755022,UTR897413148929,0,0.0,0,True,0.0,0.0,0.0,13
PGREF755022,UTR251113786540,0,0.0,0,True,0.0,0.0,0.0,13
PGREF755022,UTR668163047993,0,0.0,0,True,0.0,0.0,0.0,13
PGREF755022,UTR398235977635,0,0.0,0,True,0.0,0.0,0.0,13
PGREF755022,UTR467567156492,0,0.0,0,True,0.0,0.0,0.0,13
PGREF755022,UTR301320421069,0,0.0,0,True,0.0,0.0,0.0,13
PGREF755022,UTR524971960828,0,0.0,0,True,0.0,0.0,0.0,13
PGREF755022,UTR215256385481,0,0.0,0,True,0.0,0.0,0.0,13
PGREF755022,UTR550585953330,0,0.0,0,True,0.0,0.0,0.0,13
PGREF213934,UTR218242398173,0,0.0,0,True,0.0,0.0,0.0,13
PGREF213934,UTR828067113431,0,0.0,0,True,0.0,0.0,0.0,13
PGREF213934,UTR112790183691,0,0.0,0,True,0.0,0.0,0.0,13
PGREF213934,UTR164339399508,0,0.0,0,True,0.0,0.0,0.0,13
PGREF213934,UTR897413148929,0,0.0,0,True,0.0,0.0,0.0,13
PGREF213934,UTR251113786540,0,0.0,0,True,0.0,0.0,0.0,13
PGREF213934,UTR668163047993,0,0.0,0,True,0.0,0.0,0.0,13
PGREF213934,UTR398235977635,0,0.0,0,True,0.0,0.0,0.0,13
PGREF213934,UTR467567156492,0,0.0,0,True,0.0,0.0,0.0,13
PGREF213934,UTR301320421069,0,0.0,0,True,0.0,0.0,0.0,13
PGREF213934,UTR524971960828,0,0.0,0,True,0.0,0.0,0.0,13
PGREF213934,UTR215256385481,0,0.0,0,True,0.0,0.0,0.0,13
PGREF213934,UTR550585953330,0,0.0,0,True,0.0,0.0,0.0,13
PGREF215011,UTR218242398173,0,0.0,0,True,0.0,0.0,0.0,13
PGREF215011,UTR828067113431,0,0.0,0,True,0.0,0.0,0.0,13
PGREF215011,UTR112790183691,0,0.0,0,True,0.0,0.0,0.0,13
PGREF215011,UTR164339399508,0,0.0,0,True,0.0,0.0,0.0,13
PGREF215011,UTR897413148929,0,0.0,0,True,0.0,0.0,0.0,13
PGREF215011,UTR251113786540,0,0.0,0,True,0.0,0.0,0.0,13
PGREF215011,UTR668163047993,0,0.0,0,True,0.0,0.0,0.0,13
PGREF215011,UTR398235977635,0,0.0,0,True,0.0,0.0,0.0,13
PGREF215011,UTR467567156492,0,0.0,0,True,0.0,0.0,0.0,13
PGREF215011,UTR301320421069,0,0.0,0,True,0.0,0.0,0.0,13
PGREF215011,UTR524971960828,0,0.0,0,True,0.0,0.0,0.0,13
PGREF215011,UTR215256385481,0,0.0,0,True,0.0,0.0,0.0,13
PGREF215011,UTR550585953330,0,0.0,0,True,0.0,0.0,0.0,13
PGREF935466,UTR218242398173,0,0.0,0,True,0.0,0.0,0.0,13
PGREF935466,UTR828067113431,0,0.0,0,True,0.0,0.0,0.0,13
PGREF935466,UTR112790183691,0,0.0,0,True,0.0,0.0,0.0,13
PGREF935466,UTR164339399508,0,0.0,0,True,0.0,0.0,0.0,13
PGREF935466,UTR897413148929,0,0.0,0,True,0.0,0.0,0.0,13
PGREF935466,UTR251113786540,0,0.0,0,True,0.0,0.0,0.0,13
PGREF935466,UTR668163047993,0,0.0,0,True,0.0,0.0,0.0,13
PGREF935466,UTR398235977635,0,0.0,0,True,0.0,0.0,0.0,13
PGREF935466,UTR467567156492,0,0.0,0,True,0.0,0.0,0.0,13
PGREF935466,UTR301320421069,0,0.0,0,True,0.0,0.0,0.0,13
PGREF935466,UTR524971960828,0,0.0,0,True,0.0,0.0,0.0,13
PGREF935466,UTR215256385481,0,0.0,0,True,0.0,0.0,0.0,13
PGREF935466,UTR550585953330,0,0.0,0,True,0.0,0.0,0.0,13
PGREF799702,UTR218242398173,0,0.0,0,True,0.0,0.0,0.0,13
PGREF799702,UTR828067113431,0,0.0,0,True,0.0,0.0,0.0,13
PGREF799702,UTR112790183691,0,0.0,0,True,0.0,0.0,0.0,13
PGREF799702,UTR164339399508,0,0.0,0,True,0.0,0.0,0.0,13
PGREF799702,UTR897413148929,0,0.0,0,True,0.0,0.0,0.0,13
PGREF799702,UTR251113786540,0,0.0,0,True,0.0,0.0,0.0,13
PGREF799702,UTR668163047993,0,0.0,0,True,0.0,0.0,0.0,13
PGREF799702,UTR398235977635,0,0.0,0,True,0.0,0.0,0.0,13
PGREF799702,UTR467567156492,0,0.0,0,True,0.0,0.0,0.0,13
PGREF799702,UTR301320421069,0,0.0,0,True,0.0,0.0,0.0,13
PGREF799702,UTR524971960828,0,0.0,0,True,0.0,0.0,0.0,13
PGREF799702,UTR215256385481,0,0.0,0,True,0.0,0.0,0.0,13
PGREF799702,UTR550585953330,0,0.0,0,True,0.0,0.0,0.0,13
PGREF883437,UTR218242398173,0,0.0,0,True,0.0,0.0,0.0,13
PGREF883437,UTR828067113431,0,0.0,0,True,0.0,0.0,0.0,13
PGREF883437,UTR112790183691,0,0.0,0,True,0.0,0.0,0.0,13
PGREF883437,UTR164339399508,0,0.0,0,True,0.0,0.0,0.0,13
PGREF883437,UTR897413148929,0,0.0,0,True,0.0,0.0,0.0,13
PGREF883437,UTR251113786540,0,0.0,0,True,0.0,0.0,0.0,13
PGREF883437,UTR668163047993,0,0.0,0,True,0.0,0.0,0.0,13
PGREF883437,UTR398235977635,0,0.0,0,True,0.0,0.0,0.0,13
PGREF883437,UTR467567156492,0,0.0,0,True,0.0,0.0,0.0,13
PGREF883437,UTR301320421069,0,0.0,0,True,0.0,0.0,0.0,13
PGREF883437,UTR524971960828,0,0.0,0,True,0.0,0.0,0.0,13
PGREF883437,UTR215256385481,0,0.0,0,True,0.0,0.0,0.0,13
PGREF883437,UTR550585953330,0,0.0,0,True,0.0,0.0,0.0,13
PGREF376856,UTR218242398173,0,0.0,0,True,0.0,0.0,0.0,13
PGREF376856,UTR828067113431,0,0.0,0,True,0.0,0.0,0.0,13
PGREF376856,UTR112790183691,0,0.0,0,True,0.0,0.0,0.0,13
PGREF376856,UTR164339399508,0,0.0,0,True,0.0,0.0,0.0,13
PGREF376856,UTR897413148929,0,0.0,0,True,0.0,0.0,0.0,13
PGREF376856,UTR251113786540,0,0.0,0,True,0.0,0.0,0.0,13
PGREF376856,UTR668163047993,0,0.0,0,True,0.0,0.0,0.0,13
PGREF376856,UTR398235977635,0,0.0,0,True,0.0,0.0,0.0,13
PGREF376856,UTR467567156492,0,0.0,0,True,0.0,0.0,0.0,13
PGREF376856,UTR301320421069,0,0.0,0,True,0.0,0.0,0.0,13
PGREF376856,UTR524971960828,0,0.0,0,True,0.0,0.0,0.0,13
PGREF376856,UTR215256385481,0,0.0,0,True,0.0,0.0,0.0,13
PGREF376856,UTR550585953330,0,0.0,0,True,0.0,0.0,0.0,13
PGREF402225,UTR218242398173,0,0.0,0,True,0.0,0.0,0.0,13
PGREF402225,UTR828067113431,0,0.0,0,True,0.0,0.0,0.0,13
PGREF402225,UTR112790183691,0,0.0,0,True,0.0,0.0,0.0,13
PGREF402225,UTR164339399508,0,0.0,0,True,0.0,0.0,0.0,13
PGREF402225,UTR897413148929,0,0.0,0,True,0.0,0.0,0.0,13
PGREF402225,UTR251113786540,0,0.0,0,True,0.0,0.0,0.0,13
PGREF402225,UTR668163047993,0,0.0,0,True,0.0,0.0,0.0,13
PGREF402225,UTR398235977635,0,0.0,0,True,0.0,0.0,0.0,13
PGREF402225,UTR467567156492,0,0.0,0,True,0.0,0.0,0.0,13
PGREF402225,UTR301320421069,0,0.0,0,True,0.0,0.0,0.0,13
PGREF402225,UTR524971960828,0,0.0,0,True,0.0,0.0,0.0,13
PGREF402225,UTR215256385481,0,0.0,0,True,0.0,0.0,0.0,13
PGREF402225,UTR550585953330,0,0.0,0,True,0.0,0.0,0.0,13
PGREF225158,UTR218242398173,0,0.0,0,True,0.0,0.0,0.0,13
PGREF225158,UTR828067113431,0,0.0,0,True,0.0,0.0,0.0,13
PGREF225158,UTR112790183691,0,0.0,0,True,0.0,0.0,0.0,13
PGREF225158,UTR164339399508,0,0.0,0,True,0.0,0.0,0.0,13
PGREF225158,UTR897413148929,0,0.0,0,True,0.0,0.0,0.0,13
PGREF225158,UTR251113786540,0,0.0,0,True,0.0,0.0,0.0,13
PGREF225158,UTR668163047993,0,0.0,0,True,0.0,0.0,0.0,13
PGREF225158,UTR398235977635,0,0.0,0,True,0.0,0.0,0.0,13
PGREF225158,UTR467567156492,0,0.0,0,True,0.0,0.0,0.0,13
PGREF225158,UTR301320421069,0,0.0,0,True,0.0,0.0,0.0,13
PGREF225158,UTR524971960828,0,0.0,0,True,0.0,0.0,0.0,13
PGREF225158,UTR215256385481,0,0.0,0,True,0.0,0.0,0.0,13
PGREF225158,UTR550585953330,0,0.0,0,True,0.0,0.0,0.0,13
PGREF865458,UTR218242398173,0,0.0,0,True,0.0,0.0,0.0,13
PGREF865458,UTR828067113431,0,0.0,0,True,0.0,0.0,0.0,13
PGREF865458,UTR112790183691,0,0.0,0,True,0.0,0.0,0.0,13
PGREF865458,UTR164339399508,0,0.0,0,True,0.0,0.0,0.0,13
PGREF865458,UTR897413148929,0,0.0,0,True,0.0,0.0,0.0,13
PGREF865458,UTR251113786540,0,0.0,0,True,0.0,0.0,0.0,13
PGREF865458,UTR668163047993,0,0.0,0,True,0.0,0.0,0.0,13
PGREF865458,UTR398235977635,0,0.0,0,True,0.0,0.0,0.0,13
PGREF865458,UTR467567156492,0,0.0,0,True,0.0,0.0,0.0,13
PGREF865458,UTR301320421069,0,0.0,0,True,0.0,0.0,0.0,13
PGREF865458,UTR524971960828,0,0.0,0,True,0.0,0.0,0.0,13
PGREF865458,UTR215256385481,0,0.0,0,True,0.0,0.0,0.0,13
PGREF865458,UTR550585953330,0,0.0,0,True,0.0,0.0,0.0,13
UPI2026076279433331,UTR218242398173,0,0.0,0,True,0.0,0.0,0.0,13
UPI2026076279433331,UTR828067113431,0,0.0,0,True,0.0,0.0,0.0,13
UPI2026076279433331,UTR112790183691,0,0.0,0,True,0.0,0.0,0.0,13
UPI2026076279433331,UTR164339399508,0,0.0,0,True,0.0,0.0,0.0,13
UPI2026076279433331,UTR897413148929,0,0.0,0,True,0.0,0.0,0.0,13
UPI2026076279433331,UTR251113786540,0,0.0,0,True,0.0,0.0,0.0,13
UPI2026076279433331,UTR668163047993,0,0.0,0,True,0.0,0.0,0.0,13
UPI2026076279433331,UTR398235977635,0,0.0,0,True,0.0,0.0,0.0,13
UPI2026076279433331,UTR467567156492,0,0.0,0,True,0.0,0.0,0.0,13
UPI2026076279433331,UTR301320421069,0,0.0,0,True,0.0,0.0,0.0,13
UPI2026076279433331,UTR524971960828,0,0.0,0,True,0.0,0.0,0.0,13
UPI2026076279433331,UTR215256385481,0,0.0,0,True,0.0,0.0,0.0,13
UPI2026076279433331,UTR550585953330,0,0.0,0,True,0.0,0.0,0.0,13
UPI2026079636537404,UTR218242398173,0,0.0,0,True,0.0,0.0,0.0,13
UPI2026079636537404,UTR828067113431,0,0.0,0,True,0.0,0.0,0.0,13
UPI2026079636537404,UTR112790183691,0,0.0,0,True,0.0,0.0,0.0,13
UPI2026079636537404,UTR164339399508,0,0.0,0,True,0.0,0.0,0.0,13
UPI2026079636537404,UTR897413148929,0,0.0,0,True,0.0,0.0,0.0,13
UPI2026079636537404,UTR251113786540,0,0.0,0,True,0.0,0.0,0.0,13
UPI2026079636537404,UTR668163047993,0,0.0,0,True,0.0,0.0,0.0,13
UPI2026079636537404,UTR398235977635,0,0.0,0,True,0.0,0.0,0.0,13
UPI2026079636537404,UTR467567156492,0,0.0,0,True,0.0,0.0,0.0,13
UPI2026079636537404,UTR301320421069,0,0.0,0,True,0.0,0.0,0.0,13
UPI2026079636537404,UTR524971960828,0,0.0,0,True,0.0,0.0,0.0,13
UPI2026079636537404,UTR215256385481,0,0.0,0,True,0.0,0.0,0.0,13
UPI2026079636537404,UTR550585953330,0,0.0,0,True,0.0,0.0,0.0,13
UPI2026078827343191,UTR218242398173,0,0.0,0,True,0.0,0.0,0.0,13
UPI2026078827343191,UTR828067113431,0,0.0,0,True,0.0,0.0,0.0,13
UPI2026078827343191,UTR112790183691,0,0.0,0,True,0.0,0.0,0.0,13
UPI2026078827343191,UTR164339399508,0,0.0,0,True,0.0,0.0,0.0,13
UPI2026078827343191,UTR897413148929,0,0.0,0,True,0.0,0.0,0.0,13
UPI2026078827343191,UTR251113786540,0,0.0,0,True,0.0,0.0,0.0,13
UPI2026078827343191,UTR668163047993,0,0.0,0,True,0.0,0.0,0.0,13
UPI2026078827343191,UTR398235977635,0,0.0,0,True,0.0,0.0,0.0,13
UPI2026078827343191,UTR467567156492,0,0.0,0,True,0.0,0.0,0.0,13
UPI2026078827343191,UTR301320421069,0,0.0,0,True,0.0,0.0,0.0,13
UPI2026078827343191,UTR524971960828,0,0.0,0,True,0.0,0.0,0.0,13
UPI2026078827343191,UTR215256385481,0,0.0,0,True,0.0,0.0,0.0,13
UPI2026078827343191,UTR550585953330,0,0.0,0,True,0.0,0.0,0.0,13
UPI2026076129680225,UTR218242398173,0,0.0,0,True,0.0,0.0,0.0,13
UPI2026076129680225,UTR828067113431,0,0.0,0,True,0.0,0.0,0.0,13
UPI2026076129680225,UTR112790183691,0,0.0,0,True,0.0,0.0,0.0,13
UPI2026076129680225,UTR164339399508,0,0.0,0,True,0.0,0.0,0.0,13
UPI2026076129680225,UTR897413148929,0,0.0,0,True,0.0,0.0,0.0,13
UPI2026076129680225,UTR251113786540,0,0.0,0,True,0.0,0.0,0.0,13
UPI2026076129680225,UTR668163047993,0,0.0,0,True,0.0,0.0,0.0,13
UPI2026076129680225,UTR398235977635,0,0.0,0,True,0.0,0.0,0.0,13
UPI2026076129680225,UTR467567156492,0,0.0,0,True,0.0,0.0,0.0,13
UPI2026076129680225,UTR301320421069,0,0.0,0,True,0.0,0.0,0.0,13
UPI2026076129680225,UTR524971960828,0,0.0,0,True,0.0,0.0,0.0,13
UPI2026076129680225,UTR215256385481,0,0.0,0,True,0.0,0.0,0.0,13
UPI2026076129680225,UTR550585953330,0,0.0,0,True,0.0,0.0,0.0,13
UPI2026071674169845,UTR218242398173,0,0.0,0,True,0.0,0.0,0.0,13
UPI2026071674169845,UTR828067113431,0,0.0,0,True,0.0,0.0,0.0,13
UPI2026071674169845,UTR112790183691,0,0.0,0,True,0.0,0.0,0.0,13
UPI2026071674169845,UTR164339399508,0,0.0,0,True,0.0,0.0,0.0,13
UPI2026071674169845,UTR897413148929,0,0.0,0,True,0.0,0.0,0.0,13
UPI2026071674169845,UTR251113786540,0,0.0,0,True,0.0,0.0,0.0,13
UPI2026071674169845,UTR668163047993,0,0.0,0,True,0.0,0.0,0.0,13
UPI2026071674169845,UTR398235977635,0,0.0,0,True,0.0,0.0,0.0,13
UPI2026071674169845,UTR467567156492,0,0.0,0,True,0.0,0.0,0.0,13
UPI2026071674169845,UTR301320421069,0,0.0,0,True,0.0,0.0,0.0,13
UPI2026071674169845,UTR524971960828,0,0.0,0,True,0.0,0.0,0.0,13
UPI2026071674169845,UTR215256385481,0,0.0,0,True,0.0,0.0,0.0,13
UPI2026071674169845,UTR550585953330,0,0.0,0,True,0.0,0.0,0.0,13
UPI2026079292586505,UTR218242398173,0,0.0,0,True,0.2959,0.0,0.2959,13
UPI2026079292586505,UTR828067113431,0,0.0,0,True,0.2959,0.0,0.2959,13
UPI2026079292586505,UTR112790183691,0,0.0,0,True,0.2959,0.0,0.2959,13
UPI2026079292586505,UTR164339399508,0,0.0,0,True,0.2959,0.0,0.2959,13
UPI2026079292586505,UTR897413148929,0,0.0,0,True,0.2959,0.0,0.2959,13
UPI2026079292586505,UTR251113786540,0,0.0,0,True,0.2959,0.0,0.2959,13
UPI2026079292586505,UTR668163047993,0,0.0,0,True,0.2959,0.0,0.2959,13
UPI2026079292586505,UTR398235977635,0,0.29590258900464284,0,True,0.2959,0.0,0.2959,13
UPI2026079292586505,UTR467567156492,0,0.0,0,True,0.2959,0.0,0.2959,13
UPI2026079292586505,UTR301320421069,0,0.0,0,True,0.2959,0.0,0.2959,13
UPI2026079292586505,UTR524971960828,0,0.0,0,True,0.2959,0.0,0.2959,13
UPI2026079292586505,UTR215256385481,0,0.0,0,True,0.2959,0.0,0.2959,13
UPI2026079292586505,UTR550585953330,0,0.0,0,True,0.2959,0.0,0.2959,13
UPI2026076587274362,UTR218242398173,0,0.0,0,True,0.0,0.0,0.0,13
UPI2026076587274362,UTR828067113431,0,0.0,0,True,0.0,0.0,0.0,13
UPI2026076587274362,UTR112790183691,0,0.0,0,True,0.0,0.0,0.0,13
UPI2026076587274362,UTR164339399508,0,0.0,0,True,0.0,0.0,0.0,13
UPI2026076587274362,UTR897413148929,0,0.0,0,True,0.0,0.0,0.0,13
UPI2026076587274362,UTR251113786540,0,0.0,0,True,0.0,0.0,0.0,13
UPI2026076587274362,UTR668163047993,0,0.0,0,True,0.0,0.0,0.0,13
UPI2026076587274362,UTR398235977635,0,0.0,0,True,0.0,0.0,0.0,13
UPI2026076587274362,UTR467567156492,0,0.0,0,True,0.0,0.0,0.0,13
UPI2026076587274362,UTR301320421069,0,0.0,0,True,0.0,0.0,0.0,13
UPI2026076587274362,UTR524971960828,0,0.0,0,True,0.0,0.0,0.0,13
UPI2026076587274362,UTR215256385481,0,0.0,0,True,0.0,0.0,0.0,13
UPI2026076587274362,UTR550585953330,0,0.0,0,True,0.0,0.0,0.0,13
UPI2026080658704940,UTR218242398173,0,0.0,0,True,0.0,0.0,0.0,13
UPI2026080658704940,UTR828067113431,0,0.0,0,True,0.0,0.0,0.0,13
UPI2026080658704940,UTR112790183691,0,0.0,0,True,0.0,0.0,0.0,13
UPI2026080658704940,UTR164339399508,0,0.0,0,True,0.0,0.0,0.0,13
UPI2026080658704940,UTR897413148929,0,0.0,0,True,0.0,0.0,0.0,13
UPI2026080658704940,UTR251113786540,0,0.0,0,True,0.0,0.0,0.0,13
UPI2026080658704940,UTR668163047993,0,0.0,0,True,0.0,0.0,0.0,13
UPI2026080658704940,UTR398235977635,0,0.0,0,True,0.0,0.0,0.0,13
UPI2026080658704940,UTR467567156492,0,0.0,0,True,0.0,0.0,0.0,13
UPI2026080658704940,UTR301320421069,0,0.0,0,True,0.0,0.0,0.0,13
UPI2026080658704940,UTR524971960828,0,0.0,0,True,0.0,0.0,0.0,13
UPI2026080658704940,UTR215256385481,0,0.0,0,True,0.0,0.0,0.0,13
UPI2026080658704940,UTR550585953330,0,0.0,0,True,0.0,0.0,0.0,13
UPI2026077936174703,UTR218242398173,0,0.0,0,True,0.0,0.0,0.0,13
UPI2026077936174703,UTR828067113431,0,0.0,0,True,0.0,0.0,0.0,13
UPI2026077936174703,UTR112790183691,0,0.0,0,True,0.0,0.0,0.0,13
UPI2026077936174703,UTR164339399508,0,0.0,0,True,0.0,0.0,0.0,13
UPI2026077936174703,UTR897413148929,0,0.0,0,True,0.0,0.0,0.0,13
UPI2026077936174703,UTR251113786540,0,0.0,0,True,0.0,0.0,0.0,13
UPI2026077936174703,UTR668163047993,0,0.0,0,True,0.0,0.0,0.0,13
UPI2026077936174703,UTR398235977635,0,0.0,0,True,0.0,0.0,0.0,13
UPI2026077936174703,UTR467567156492,0,0.0,0,True,0.0,0.0,0.0,13
UPI2026077936174703,UTR301320421069,0,0.0,0,True,0.0,0.0,0.0,13
UPI2026077936174703,UTR524971960828,0,0.0,0,True,0.0,0.0,0.0,13
UPI2026077936174703,UTR215256385481,0,0.0,0,True,0.0,0.0,0.0,13
UPI2026077936174703,UTR550585953330,0,0.0,0,True,0.0,0.0,0.0,13
UPI2026071470761214,UTR218242398173,0,0.0,0,True,0.0,0.0,0.0,13
UPI2026071470761214,UTR828067113431,0,0.0,0,True,0.0,0.0,0.0,13
UPI2026071470761214,UTR112790183691,0,0.0,0,True,0.0,0.0,0.0,13
UPI2026071470761214,UTR164339399508,0,0.0,0,True,0.0,0.0,0.0,13
UPI2026071470761214,UTR897413148929,0,0.0,0,True,0.0,0.0,0.0,13
UPI2026071470761214,UTR251113786540,0,0.0,0,True,0.0,0.0,0.0,13
UPI2026071470761214,UTR668163047993,0,0.0,0,True,0.0,0.0,0.0,13
UPI2026071470761214,UTR398235977635,0,0.0,0,True,0.0,0.0,0.0,13
UPI2026071470761214,UTR467567156492,0,0.0,0,True,0.0,0.0,0.0,13
UPI2026071470761214,UTR301320421069,0,0.0,0,True,0.0,0.0,0.0,13
UPI2026071470761214,UTR524971960828,0,0.0,0,True,0.0,0.0,0.0,13
UPI2026071470761214,UTR215256385481,0,0.0,0,True,0.0,0.0,0.0,13
UPI2026071470761214,UTR550585953330,0,0.0,0,True,0.0,0.0,0.0,13
UPI2026077421181574,UTR218242398173,0,0.0,0,True,0.3537,0.0,0.3537,13
UPI2026077421181574,UTR828067113431,0,0.0,0,True,0.3537,0.0,0.3537,13
UPI2026077421181574,UTR112790183691,0,0.0,0,True,0.3537,0.0,0.3537,13
UPI2026077421181574,UTR164339399508,0,0.0,0,True,0.3537,0.0,0.3537,13
UPI2026077421181574,UTR897413148929,0,0.0,0,True,0.3537,0.0,0.3537,13
UPI2026077421181574,UTR251113786540,0,0.0,0,True,0.3537,0.0,0.3537,13
UPI2026077421181574,UTR668163047993,0,0.0,0,True,0.3537,0.0,0.3537,13
UPI2026077421181574,UTR398235977635,0,0.0,0,True,0.3537,0.0,0.3537,13
UPI2026077421181574,UTR467567156492,0,0.0,0,True,0.3537,0.0,0.3537,13
UPI2026077421181574,UTR301320421069,0,0.0,0,True,0.3537,0.0,0.3537,13
UPI2026077421181574,UTR524971960828,0,0.35369015246268143,0,True,0.3537,0.0,0.3537,13
UPI2026077421181574,UTR215256385481,0,0.0,0,True,0.3537,0.0,0.3537,13
UPI2026077421181574,UTR550585953330,0,0.0,0,True,0.3537,0.0,0.3537,13
UPI2026080774984728,UTR218242398173,0,0.0,0,True,0.0,0.0,0.0,13
UPI2026080774984728,UTR828067113431,0,0.0,0,True,0.0,0.0,0.0,13
UPI2026080774984728,UTR112790183691,0,0.0,0,True,0.0,0.0,0.0,13
UPI2026080774984728,UTR164339399508,0,0.0,0,True,0.0,0.0,0.0,13
UPI2026080774984728,UTR897413148929,0,0.0,0,True,0.0,0.0,0.0,13
UPI2026080774984728,UTR251113786540,0,0.0,0,True,0.0,0.0,0.0,13
UPI2026080774984728,UTR668163047993,0,0.0,0,True,0.0,0.0,0.0,13
UPI2026080774984728,UTR398235977635,0,0.0,0,True,0.0,0.0,0.0,13
UPI2026080774984728,UTR467567156492,0,0.0,0,True,0.0,0.0,0.0,13
UPI2026080774984728,UTR301320421069,0,0.0,0,True,0.0,0.0,0.0,13
UPI2026080774984728,UTR524971960828,0,0.0,0,True,0.0,0.0,0.0,13
UPI2026080774984728,UTR215256385481,0,0.0,0,True,0.0,0.0,0.0,13
UPI2026080774984728,UTR550585953330,0,0.0,0,True,0.0,0.0,0.0,13
UPI2026078183626851,UTR218242398173,0,0.0,0,True,0.0,0.0,0.0,13
UPI2026078183626851,UTR828067113431,0,0.0,0,True,0.0,0.0,0.0,13
UPI2026078183626851,UTR112790183691,0,0.0,0,True,0.0,0.0,0.0,13
UPI2026078183626851,UTR164339399508,0,0.0,0,True,0.0,0.0,0.0,13
UPI2026078183626851,UTR897413148929,0,0.0,0,True,0.0,0.0,0.0,13
UPI2026078183626851,UTR251113786540,0,0.0,0,True,0.0,0.0,0.0,13
UPI2026078183626851,UTR668163047993,0,0.0,0,True,0.0,0.0,0.0,13
UPI2026078183626851,UTR398235977635,0,0.0,0,True,0.0,0.0,0.0,13
UPI2026078183626851,UTR467567156492,0,0.0,0,True,0.0,0.0,0.0,13
UPI2026078183626851,UTR301320421069,0,0.0,0,True,0.0,0.0,0.0,13
UPI2026078183626851,UTR524971960828,0,0.0,0,True,0.0,0.0,0.0,13
UPI2026078183626851,UTR215256385481,0,0.0,0,True,0.0,0.0,0.0,13
UPI2026078183626851,UTR550585953330,0,0.0,0,True,0.0,0.0,0.0,13
UPI2026072956556748,UTR218242398173,0,0.0,0,True,0.0,0.0,0.0,13
UPI2026072956556748,UTR828067113431,0,0.0,0,True,0.0,0.0,0.0,13
UPI2026072956556748,UTR112790183691,0,0.0,0,True,0.0,0.0,0.0,13
UPI2026072956556748,UTR164339399508,0,0.0,0,True,0.0,0.0,0.0,13
UPI2026072956556748,UTR897413148929,0,0.0,0,True,0.0,0.0,0.0,13
UPI2026072956556748,UTR251113786540,0,0.0,0,True,0.0,0.0,0.0,13
UPI2026072956556748,UTR668163047993,0,0.0,0,True,0.0,0.0,0.0,13
UPI2026072956556748,UTR398235977635,0,0.0,0,True,0.0,0.0,0.0,13
UPI2026072956556748,UTR467567156492,0,0.0,0,True,0.0,0.0,0.0,13
UPI2026072956556748,UTR301320421069,0,0.0,0,True,0.0,0.0,0.0,13
UPI2026072956556748,UTR524971960828,0,0.0,0,True,0.0,0.0,0.0,13
UPI2026072956556748,UTR215256385481,0,0.0,0,True,0.0,0.0,0.0,13
UPI2026072956556748,UTR550585953330,0,0.0,0,True,0.0,0.0,0.0,13
UPI2026078185046454,UTR218242398173,0,0.0,0,True,0.0,0.0,0.0,13
UPI2026078185046454,UTR828067113431,0,0.0,0,True,0.0,0.0,0.0,13
UPI2026078185046454,UTR112790183691,0,0.0,0,True,0.0,0.0,0.0,13
UPI2026078185046454,UTR164339399508,0,0.0,0,True,0.0,0.0,0.0,13
UPI2026078185046454,UTR897413148929,0,0.0,0,True,0.0,0.0,0.0,13
UPI2026078185046454,UTR251113786540,0,0.0,0,True,0.0,0.0,0.0,13
UPI2026078185046454,UTR668163047993,0,0.0,0,True,0.0,0.0,0.0,13
UPI2026078185046454,UTR398235977635,0,0.0,0,True,0.0,0.0,0.0,13
UPI2026078185046454,UTR467567156492,0,0.0,0,True,0.0,0.0,0.0,13
UPI2026078185046454,UTR301320421069,0,0.0,0,True,0.0,0.0,0.0,13
UPI2026078185046454,UTR524971960828,0,0.0,0,True,0.0,0.0,0.0,13
UPI2026078185046454,UTR215256385481,0,0.0,0,True,0.0,0.0,0.0,13
UPI2026078185046454,UTR550585953330,0,0.0,0,True,0.0,0.0,0.0,13
UPI2026079748883801,UTR218242398173,0,0.0,0,True,0.0,0.0,0.0,13
UPI2026079748883801,UTR828067113431,0,0.0,0,True,0.0,0.0,0.0,13
UPI2026079748883801,UTR112790183691,0,0.0,0,True,0.0,0.0,0.0,13
UPI2026079748883801,UTR164339399508,0,0.0,0,True,0.0,0.0,0.0,13
UPI2026079748883801,UTR897413148929,0,0.0,0,True,0.0,0.0,0.0,13
UPI2026079748883801,UTR251113786540,0,0.0,0,True,0.0,0.0,0.0,13
UPI2026079748883801,UTR668163047993,0,0.0,0,True,0.0,0.0,0.0,13
UPI2026079748883801,UTR398235977635,0,0.0,0,True,0.0,0.0,0.0,13
UPI2026079748883801,UTR467567156492,0,0.0,0,True,0.0,0.0,0.0,13
UPI2026079748883801,UTR301320421069,0,0.0,0,True,0.0,0.0,0.0,13
UPI2026079748883801,UTR524971960828,0,0.0,0,True,0.0,0.0,0.0,13
UPI2026079748883801,UTR215256385481,0,0.0,0,True,0.0,0.0,0.0,13
UPI2026079748883801,UTR550585953330,0,0.0,0,True,0.0,0.0,0.0,13
UPI2026080660550679,UTR218242398173,0,0.0,0,True,0.0,0.0,0.0,13
UPI2026080660550679,UTR828067113431,0,0.0,0,True,0.0,0.0,0.0,13
UPI2026080660550679,UTR112790183691,0,0.0,0,True,0.0,0.0,0.0,13
UPI2026080660550679,UTR164339399508,0,0.0,0,True,0.0,0.0,0.0,13
UPI2026080660550679,UTR897413148929,0,0.0,0,True,0.0,0.0,0.0,13
UPI2026080660550679,UTR251113786540,0,0.0,0,True,0.0,0.0,0.0,13
UPI2026080660550679,UTR668163047993,0,0.0,0,True,0.0,0.0,0.0,13
UPI2026080660550679,UTR398235977635,0,0.0,0,True,0.0,0.0,0.0,13
UPI2026080660550679,UTR467567156492,0,0.0,0,True,0.0,0.0,0.0,13
UPI2026080660550679,UTR301320421069,0,0.0,0,True,0.0,0.0,0.0,13
UPI2026080660550679,UTR524971960828,0,0.0,0,True,0.0,0.0,0.0,13
UPI2026080660550679,UTR215256385481,0,0.0,0,True,0.0,0.0,0.0,13
UPI2026080660550679,UTR550585953330,0,0.0,0,True,0.0,0.0,0.0,13
UPI2026075749439372,UTR218242398173,0,0.0,0,True,0.0,0.0,0.0,13
UPI2026075749439372,UTR828067113431,0,0.0,0,True,0.0,0.0,0.0,13
UPI2026075749439372,UTR112790183691,0,0.0,0,True,0.0,0.0,0.0,13
UPI2026075749439372,UTR164339399508,0,0.0,0,True,0.0,0.0,0.0,13
UPI2026075749439372,UTR897413148929,0,0.0,0,True,0.0,0.0,0.0,13
UPI2026075749439372,UTR251113786540,0,0.0,0,True,0.0,0.0,0.0,13
UPI2026075749439372,UTR668163047993,0,0.0,0,True,0.0,0.0,0.0,13
UPI2026075749439372,UTR398235977635,0,0.0,0,True,0.0,0.0,0.0,13
UPI2026075749439372,UTR467567156492,0,0.0,0,True,0.0,0.0,0.0,13
UPI2026075749439372,UTR301320421069,0,0.0,0,True,0.0,0.0,0.0,13
UPI2026075749439372,UTR524971960828,0,0.0,0,True,0.0,0.0,0.0,13
UPI2026075749439372,UTR215256385481,0,0.0,0,True,0.0,0.0,0.0,13
UPI2026075749439372,UTR550585953330,0,0.0,0,True,0.0,0.0,0.0,13
UPI2026072106345357,UTR218242398173,0,0.0,0,True,0.0,0.0,0.0,13
UPI2026072106345357,UTR828067113431,0,0.0,0,True,0.0,0.0,0.0,13
UPI2026072106345357,UTR112790183691,0,0.0,0,True,0.0,0.0,0.0,13
UPI2026072106345357,UTR164339399508,0,0.0,0,True,0.0,0.0,0.0,13
UPI2026072106345357,UTR897413148929,0,0.0,0,True,0.0,0.0,0.0,13
UPI2026072106345357,UTR251113786540,0,0.0,0,True,0.0,0.0,0.0,13
UPI2026072106345357,UTR668163047993,0,0.0,0,True,0.0,0.0,0.0,13
UPI2026072106345357,UTR398235977635,0,0.0,0,True,0.0,0.0,0.0,13
UPI2026072106345357,UTR467567156492,0,0.0,0,True,0.0,0.0,0.0,13
UPI2026072106345357,UTR301320421069,0,0.0,0,True,0.0,0.0,0.0,13
UPI2026072106345357,UTR524971960828,0,0.0,0,True,0.0,0.0,0.0,13
UPI2026072106345357,UTR215256385481,0,0.0,0,True,0.0,0.0,0.0,13
UPI2026072106345357,UTR550585953330,0,0.0,0,True,0.0,0.0,0.0,13
UPI2026074724987299,UTR218242398173,0,0.0,0,True,0.0,0.0,0.0,13
UPI2026074724987299,UTR828067113431,0,0.0,0,True,0.0,0.0,0.0,13
UPI2026074724987299,UTR112790183691,0,0.0,0,True,0.0,0.0,0.0,13
UPI2026074724987299,UTR164339399508,0,0.0,0,True,0.0,0.0,0.0,13
UPI2026074724987299,UTR897413148929,0,0.0,0,True,0.0,0.0,0.0,13
UPI2026074724987299,UTR251113786540,0,0.0,0,True,0.0,0.0,0.0,13
UPI2026074724987299,UTR668163047993,0,0.0,0,True,0.0,0.0,0.0,13
UPI2026074724987299,UTR398235977635,0,0.0,0,True,0.0,0.0,0.0,13
UPI2026074724987299,UTR467567156492,0,0.0,0,True,0.0,0.0,0.0,13
UPI2026074724987299,UTR301320421069,0,0.0,0,True,0.0,0.0,0.0,13
UPI2026074724987299,UTR524971960828,0,0.0,0,True,0.0,0.0,0.0,13
UPI2026074724987299,UTR215256385481,0,0.0,0,True,0.0,0.0,0.0,13
UPI2026074724987299,UTR550585953330,0,0.0,0,True,0.0,0.0,0.0,13
UPI2026075844761879,UTR218242398173,0,0.0,0,True,0.0,0.0,0.0,13
UPI2026075844761879,UTR828067113431,0,0.0,0,True,0.0,0.0,0.0,13
UPI2026075844761879,UTR112790183691,0,0.0,0,True,0.0,0.0,0.0,13
UPI2026075844761879,UTR164339399508,0,0.0,0,True,0.0,0.0,0.0,13
UPI2026075844761879,UTR897413148929,0,0.0,0,True,0.0,0.0,0.0,13
UPI2026075844761879,UTR251113786540,0,0.0,0,True,0.0,0.0,0.0,13
UPI2026075844761879,UTR668163047993,0,0.0,0,True,0.0,0.0,0.0,13
UPI2026075844761879,UTR398235977635,0,0.0,0,True,0.0,0.0,0.0,13
UPI2026075844761879,UTR467567156492,0,0.0,0,True,0.0,0.0,0.0,13
UPI2026075844761879,UTR301320421069,0,0.0,0,True,0.0,0.0,0.0,13
UPI2026075844761879,UTR524971960828,0,0.0,0,True,0.0,0.0,0.0,13
UPI2026075844761879,UTR215256385481,0,0.0,0,True,0.0,0.0,0.0,13
UPI2026075844761879,UTR550585953330,0,0.0,0,True,0.0,0.0,0.0,13
UPIRFD2026073379667731,UTR218242398173,0,0.0,0,True,0.0,0.0,0.0,13
UPIRFD2026073379667731,UTR828067113431,0,0.0,0,True,0.0,0.0,0.0,13
UPIRFD2026073379667731,UTR112790183691,0,0.0,0,True,0.0,0.0,0.0,13
UPIRFD2026073379667731,UTR164339399508,0,0.0,0,True,0.0,0.0,0.0,13
UPIRFD2026073379667731,UTR897413148929,0,0.0,0,True,0.0,0.0,0.0,13
UPIRFD2026073379667731,UTR251113786540,0,0.0,0,True,0.0,0.0,0.0,13
UPIRFD2026073379667731,UTR668163047993,0,0.0,0,True,0.0,0.0,0.0,13
UPIRFD2026073379667731,UTR398235977635,0,0.0,0,True,0.0,0.0,0.0,13
UPIRFD2026073379667731,UTR467567156492,0,0.0,0,True,0.0,0.0,0.0,13
UPIRFD2026073379667731,UTR301320421069,0,0.0,0,True,0.0,0.0,0.0,13
UPIRFD2026073379667731,UTR524971960828,0,0.0,0,True,0.0,0.0,0.0,13
UPIRFD2026073379667731,UTR215256385481,0,0.0,0,True,0.0,0.0,0.0,13
UPIRFD2026073379667731,UTR550585953330,0,0.0,0,True,0.0,0.0,0.0,13
ORD-5034,UTR218242398173,0,0.0,0,True,0.0,0.0,0.0,13
ORD-5034,UTR828067113431,0,0.0,0,True,0.0,0.0,0.0,13
ORD-5034,UTR112790183691,0,0.0,0,True,0.0,0.0,0.0,13
ORD-5034,UTR164339399508,0,0.0,0,True,0.0,0.0,0.0,13
ORD-5034,UTR897413148929,0,0.0,0,True,0.0,0.0,0.0,13
ORD-5034,UTR251113786540,0,0.0,0,True,0.0,0.0,0.0,13
ORD-5034,UTR668163047993,0,0.0,0,True,0.0,0.0,0.0,13
ORD-5034,UTR398235977635,0,0.0,0,True,0.0,0.0,0.0,13
ORD-5034,UTR467567156492,0,0.0,0,True,0.0,0.0,0.0,13
ORD-5034,UTR301320421069,0,0.0,0,True,0.0,0.0,0.0,13
ORD-5034,UTR524971960828,0,0.0,0,True,0.0,0.0,0.0,13
ORD-5034,UTR215256385481,0,0.0,0,True,0.0,0.0,0.0,13
ORD-5034,UTR550585953330,0,0.0,0,True,0.0,0.0,0.0,13
ORD-5021,UTR218242398173,0,0.0,0,True,0.0,0.0,0.0,13
ORD-5021,UTR828067113431,0,0.0,0,True,0.0,0.0,0.0,13
ORD-5021,UTR112790183691,0,0.0,0,True,0.0,0.0,0.0,13
ORD-5021,UTR164339399508,0,0.0,0,True,0.0,0.0,0.0,13
ORD-5021,UTR897413148929,0,0.0,0,True,0.0,0.0,0.0,13
ORD-5021,UTR251113786540,0,0.0,0,True,0.0,0.0,0.0,13
ORD-5021,UTR668163047993,0,0.0,0,True,0.0,0.0,0.0,13
ORD-5021,UTR398235977635,0,0.0,0,True,0.0,0.0,0.0,13
ORD-5021,UTR467567156492,0,0.0,0,True,0.0,0.0,0.0,13
ORD-5021,UTR301320421069,0,0.0,0,True,0.0,0.0,0.0,13
ORD-5021,UTR524971960828,0,0.0,0,True,0.0,0.0,0.0,13
ORD-5021,UTR215256385481,0,0.0,0,True,0.0,0.0,0.0,13
ORD-5021,UTR550585953330,0,0.0,0,True,0.0,0.0,0.0,13
ORD-5015,UTR218242398173,0,0.0,0,True,0.0,0.0,0.0,13
ORD-5015,UTR828067113431,0,0.0,0,True,0.0,0.0,0.0,13
ORD-5015,UTR112790183691,0,0.0,0,True,0.0,0.0,0.0,13
ORD-5015,UTR164339399508,0,0.0,0,True,0.0,0.0,0.0,13
ORD-5015,UTR897413148929,0,0.0,0,True,0.0,0.0,0.0,13
ORD-5015,UTR251113786540,0,0.0,0,True,0.0,0.0,0.0,13
ORD-5015,UTR668163047993,0,0.0,0,True,0.0,0.0,0.0,13
ORD-5015,UTR398235977635,0,0.0,0,True,0.0,0.0,0.0,13
ORD-5015,UTR467567156492,0,0.0,0,True,0.0,0.0,0.0,13
ORD-5015,UTR301320421069,0,0.0,0,True,0.0,0.0,0.0,13
ORD-5015,UTR524971960828,0,0.0,0,True,0.0,0.0,0.0,13
ORD-5015,UTR215256385481,0,0.0,0,True,0.0,0.0,0.0,13
ORD-5015,UTR550585953330,0,0.0,0,True,0.0,0.0,0.0,13
ORD-5008,UTR218242398173,0,0.0,0,True,0.0,0.0,0.0,13
ORD-5008,UTR828067113431,0,0.0,0,True,0.0,0.0,0.0,13
ORD-5008,UTR112790183691,0,0.0,0,True,0.0,0.0,0.0,13
ORD-5008,UTR164339399508,0,0.0,0,True,0.0,0.0,0.0,13
ORD-5008,UTR897413148929,0,0.0,0,True,0.0,0.0,0.0,13
ORD-5008,UTR251113786540,0,0.0,0,True,0.0,0.0,0.0,13
ORD-5008,UTR668163047993,0,0.0,0,True,0.0,0.0,0.0,13
ORD-5008,UTR398235977635,0,0.0,0,True,0.0,0.0,0.0,13
ORD-5008,UTR467567156492,0,0.0,0,True,0.0,0.0,0.0,13
ORD-5008,UTR301320421069,0,0.0,0,True,0.0,0.0,0.0,13
ORD-5008,UTR524971960828,0,0.0,0,True,0.0,0.0,0.0,13
ORD-5008,UTR215256385481,0,0.0,0,True,0.0,0.0,0.0,13
ORD-5008,UTR550585953330,0,0.0,0,True,0.0,0.0,0.0,13
ORD-5042,UTR218242398173,0,0.0,0,True,0.0,0.0,0.0,13
ORD-5042,UTR828067113431,0,0.0,0,True,0.0,0.0,0.0,13
ORD-5042,UTR112790183691,0,0.0,0,True,0.0,0.0,0.0,13
ORD-5042,UTR164339399508,0,0.0,0,True,0.0,0.0,0.0,13
ORD-5042,UTR897413148929,0,0.0,0,True,0.0,0.0,0.0,13
ORD-5042,UTR251113786540,0,0.0,0,True,0.0,0.0,0.0,13
ORD-5042,UTR668163047993,0,0.0,0,True,0.0,0.0,0.0,13
ORD-5042,UTR398235977635,0,0.0,0,True,0.0,0.0,0.0,13
ORD-5042,UTR467567156492,0,0.0,0,True,0.0,0.0,0.0,13
ORD-5042,UTR301320421069,0,0.0,0,True,0.0,0.0,0.0,13
ORD-5042,UTR524971960828,0,0.0,0,True,0.0,0.0,0.0,13
ORD-5042,UTR215256385481,0,0.0,0,True,0.0,0.0,0.0,13
ORD-5042,UTR550585953330,0,0.0,0,True,0.0,0.0,0.0,13
ORD-5016,UTR218242398173,0,0.0,0,True,0.0,0.0,0.0,13
ORD-5016,UTR828067113431,0,0.0,0,True,0.0,0.0,0.0,13
ORD-5016,UTR112790183691,0,0.0,0,True,0.0,0.0,0.0,13
ORD-5016,UTR164339399508,0,0.0,0,True,0.0,0.0,0.0,13
ORD-5016,UTR897413148929,0,0.0,0,True,0.0,0.0,0.0,13
ORD-5016,UTR251113786540,0,0.0,0,True,0.0,0.0,0.0,13
ORD-5016,UTR668163047993,0,0.0,0,True,0.0,0.0,0.0,13
ORD-5016,UTR398235977635,0,0.0,0,True,0.0,0.0,0.0,13
ORD-5016,UTR467567156492,0,0.0,0,True,0.0,0.0,0.0,13
ORD-5016,UTR301320421069,0,0.0,0,True,0.0,0.0,0.0,13
ORD-5016,UTR524971960828,0,0.0,0,True,0.0,0.0,0.0,13
ORD-5016,UTR215256385481,0,0.0,0,True,0.0,0.0,0.0,13
ORD-5016,UTR550585953330,0,0.0,0,True,0.0,0.0,0.0,13
ORD-5011,UTR218242398173,0,0.0,0,True,0.0,0.0,0.0,13
ORD-5011,UTR828067113431,0,0.0,0,True,0.0,0.0,0.0,13
ORD-5011,UTR112790183691,0,0.0,0,True,0.0,0.0,0.0,13
ORD-5011,UTR164339399508,0,0.0,0,True,0.0,0.0,0.0,13
ORD-5011,UTR897413148929,0,0.0,0,True,0.0,0.0,0.0,13
ORD-5011,UTR251113786540,0,0.0,0,True,0.0,0.0,0.0,13
ORD-5011,UTR668163047993,0,0.0,0,True,0.0,0.0,0.0,13
ORD-5011,UTR398235977635,0,0.0,0,True,0.0,0.0,0.0,13
ORD-5011,UTR467567156492,0,0.0,0,True,0.0,0.0,0.0,13
ORD-5011,UTR301320421069,0,0.0,0,True,0.0,0.0,0.0,13
ORD-5011,UTR524971960828,0,0.0,0,True,0.0,0.0,0.0,13
ORD-5011,UTR215256385481,0,0.0,0,True,0.0,0.0,0.0,13
ORD-5011,UTR550585953330,0,0.0,0,True,0.0,0.0,0.0,13
ORD-5004,UTR218242398173,0,0.0,0,True,0.0,0.0,0.0,13
ORD-5004,UTR828067113431,0,0.0,0,True,0.0,0.0,0.0,13
ORD-5004,UTR112790183691,0,0.0,0,True,0.0,0.0,0.0,13
ORD-5004,UTR164339399508,0,0.0,0,True,0.0,0.0,0.0,13
ORD-5004,UTR897413148929,0,0.0,0,True,0.0,0.0,0.0,13
ORD-5004,UTR251113786540,0,0.0,0,True,0.0,0.0,0.0,13
ORD-5004,UTR668163047993,0,0.0,0,True,0.0,0.0,0.0,13
ORD-5004,UTR398235977635,0,0.0,0,True,0.0,0.0,0.0,13
ORD-5004,UTR467567156492,0,0.0,0,True,0.0,0.0,0.0,13
ORD-5004,UTR301320421069,0,0.0,0,True,0.0,0.0,0.0,13
ORD-5004,UTR524971960828,0,0.0,0,True,0.0,0.0,0.0,13
ORD-5004,UTR215256385481,0,0.0,0,True,0.0,0.0,0.0,13
ORD-5004,UTR550585953330,0,0.0,0,True,0.0,0.0,0.0,13
ORD-5038,UTR218242398173,0,0.0,0,True,0.725,0.0,0.725,13
ORD-5038,UTR828067113431,0,0.0,0,True,0.725,0.0,0.725,13
ORD-5038,UTR112790183691,0,0.0,0,True,0.725,0.0,0.725,13
ORD-5038,UTR164339399508,0,0.0,0,True,0.725,0.0,0.725,13
ORD-5038,UTR897413148929,0,0.0,0,True,0.725,0.0,0.725,13
ORD-5038,UTR251113786540,0,0.7249538913041281,1,False,0.725,0.0,0.725,13
ORD-5038,UTR668163047993,0,0.0,0,True,0.725,0.0,0.725,13
ORD-5038,UTR398235977635,0,0.0,0,True,0.725,0.0,0.725,13
ORD-5038,UTR467567156492,0,0.0,0,True,0.725,0.0,0.725,13
ORD-5038,UTR301320421069,0,0.0,0,True,0.725,0.0,0.725,13
ORD-5038,UTR524971960828,0,0.0,0,True,0.725,0.0,0.725,13
ORD-5038,UTR215256385481,0,0.0,0,True,0.725,0.0,0.725,13
ORD-5038,UTR550585953330,0,0.0,0,True,0.725,0.0,0.725,13
ORD-5018,UTR218242398173,0,0.0,0,True,0.0,0.0,0.0,13
ORD-5018,UTR828067113431,0,0.0,0,True,0.0,0.0,0.0,13
ORD-5018,UTR112790183691,0,0.0,0,True,0.0,0.0,0.0,13
ORD-5018,UTR164339399508,0,0.0,0,True,0.0,0.0,0.0,13
ORD-5018,UTR897413148929,0,0.0,0,True,0.0,0.0,0.0,13
ORD-5018,UTR251113786540,0,0.0,0,True,0.0,0.0,0.0,13
ORD-5018,UTR668163047993,0,0.0,0,True,0.0,0.0,0.0,13
ORD-5018,UTR398235977635,0,0.0,0,True,0.0,0.0,0.0,13
ORD-5018,UTR467567156492,0,0.0,0,True,0.0,0.0,0.0,13
ORD-5018,UTR301320421069,0,0.0,0,True,0.0,0.0,0.0,13
ORD-5018,UTR524971960828,0,0.0,0,True,0.0,0.0,0.0,13
ORD-5018,UTR215256385481,0,0.0,0,True,0.0,0.0,0.0,13
ORD-5018,UTR550585953330,0,0.0,0,True,0.0,0.0,0.0,13
ORD-5039,UTR218242398173,0,0.0,0,True,0.0118,0.0,0.0118,13
ORD-5039,UTR828067113431,0,0.0,0,True,0.0118,0.0,0.0118,13
ORD-5039,UTR112790183691,0,0.0,0,True,0.0118,0.0,0.0118,13
ORD-5039,UTR164339399508,0,0.0,0,True,0.0118,0.0,0.0118,13
ORD-5039,UTR897413148929,0,0.0,0,True,0.0118,0.0,0.0118,13
ORD-5039,UTR251113786540,0,0.011843253394742926,0,True,0.0118,0.0,0.0118,13
ORD-5039,UTR668163047993,0,0.0,0,True,0.0118,0.0,0.0118,13
ORD-5039,UTR398235977635,0,0.0,0,True,0.0118,0.0,0.0118,13
ORD-5039,UTR467567156492,0,0.0,0,True,0.0118,0.0,0.0118,13
ORD-5039,UTR301320421069,0,0.0,0,True,0.0118,0.0,0.0118,13
ORD-5039,UTR524971960828,0,0.0,0,True,0.0118,0.0,0.0118,13
ORD-5039,UTR215256385481,0,0.0,0,True,0.0118,0.0,0.0118,13
ORD-5039,UTR550585953330,0,0.0,0,True,0.0118,0.0,0.0118,13
ORD-5019,UTR218242398173,0,0.0,0,True,0.6755,0.0,0.6755,13
ORD-5019,UTR828067113431,0,0.0,0,True,0.6755,0.0,0.6755,13
ORD-5019,UTR112790183691,0,0.6754728362386971,1,False,0.6755,0.0,0.6755,13
ORD-5019,UTR164339399508,0,0.0,0,True,0.6755,0.0,0.6755,13
ORD-5019,UTR897413148929,0,0.0,0,True,0.6755,0.0,0.6755,13
ORD-5019,UTR251113786540,0,0.0,0,True,0.6755,0.0,0.6755,13
ORD-5019,UTR668163047993,0,0.0,0,True,0.6755,0.0,0.6755,13
ORD-5019,UTR398235977635,0,0.0,0,True,0.6755,0.0,0.6755,13
ORD-5019,UTR467567156492,0,0.0,0,True,0.6755,0.0,0.6755,13
ORD-5019,UTR301320421069,0,0.0,0,True,0.6755,0.0,0.6755,13
ORD-5019,UTR524971960828,0,0.0,0,True,0.6755,0.0,0.6755,13
ORD-5019,UTR215256385481,0,0.0,0,True,0.6755,0.0,0.6755,13
ORD-5019,UTR550585953330,0,0.0,0,True,0.6755,0.0,0.6755,13
ORD-5033,UTR218242398173,0,0.0,0,True,0.0,0.0,0.0,13
ORD-5033,UTR828067113431,0,0.0,0,True,0.0,0.0,0.0,13
ORD-5033,UTR112790183691,0,0.0,0,True,0.0,0.0,0.0,13
ORD-5033,UTR164339399508,0,0.0,0,True,0.0,0.0,0.0,13
ORD-5033,UTR897413148929,0,0.0,0,True,0.0,0.0,0.0,13
ORD-5033,UTR251113786540,0,0.0,0,True,0.0,0.0,0.0,13
ORD-5033,UTR668163047993,0,0.0,0,True,0.0,0.0,0.0,13
ORD-5033,UTR398235977635,0,0.0,0,True,0.0,0.0,0.0,13
ORD-5033,UTR467567156492,0,0.0,0,True,0.0,0.0,0.0,13
ORD-5033,UTR301320421069,0,0.0,0,True,0.0,0.0,0.0,13
ORD-5033,UTR524971960828,0,0.0,0,True,0.0,0.0,0.0,13
ORD-5033,UTR215256385481,0,0.0,0,True,0.0,0.0,0.0,13
ORD-5033,UTR550585953330,0,0.0,0,True,0.0,0.0,0.0,13
ORD-5025,UTR218242398173,0,0.0,0,True,0.9512,0.0,0.9512,13
ORD-5025,UTR828067113431,0,0.0,0,True,0.9512,0.0,0.9512,13
ORD-5025,UTR112790183691,0,0.0,0,True,0.9512,0.0,0.9512,13
ORD-5025,UTR164339399508,0,0.0,0,True,0.9512,0.0,0.9512,13
ORD-5025,UTR897413148929,0,0.9511667852688648,1,False,0.9512,0.0,0.9512,13
ORD-5025,UTR251113786540,0,0.0,0,True,0.9512,0.0,0.9512,13
ORD-5025,UTR668163047993,0,0.0,0,True,0.9512,0.0,0.9512,13
ORD-5025,UTR398235977635,0,0.0,0,True,0.9512,0.0,0.9512,13
ORD-5025,UTR467567156492,0,0.0,0,True,0.9512,0.0,0.9512,13
ORD-5025,UTR301320421069,0,0.0,0,True,0.9512,0.0,0.9512,13
ORD-5025,UTR524971960828,0,0.0,0,True,0.9512,0.0,0.9512,13
ORD-5025,UTR215256385481,0,0.0,0,True,0.9512,0.0,0.9512,13
ORD-5025,UTR550585953330,0,0.0,0,True,0.9512,0.0,0.9512,13
ORD-5010,UTR218242398173,0,0.0,0,True,0.0,0.0,0.0,13
ORD-5010,UTR828067113431,0,0.0,0,True,0.0,0.0,0.0,13
ORD-5010,UTR112790183691,0,0.0,0,True,0.0,0.0,0.0,13
ORD-5010,UTR164339399508,0,0.0,0,True,0.0,0.0,0.0,13
ORD-5010,UTR897413148929,0,0.0,0,True,0.0,0.0,0.0,13
ORD-5010,UTR251113786540,0,0.0,0,True,0.0,0.0,0.0,13
ORD-5010,UTR668163047993,0,0.0,0,True,0.0,0.0,0.0,13
ORD-5010,UTR398235977635,0,0.0,0,True,0.0,0.0,0.0,13
ORD-5010,UTR467567156492,0,0.0,0,True,0.0,0.0,0.0,13
ORD-5010,UTR301320421069,0,0.0,0,True,0.0,0.0,0.0,13
ORD-5010,UTR524971960828,0,0.0,0,True,0.0,0.0,0.0,13
ORD-5010,UTR215256385481,0,0.0,0,True,0.0,0.0,0.0,13
ORD-5010,UTR550585953330,0,0.0,0,True,0.0,0.0,0.0,13
ORD-5040,UTR218242398173,0,0.0,0,True,0.0,0.0,0.0,13
ORD-5040,UTR828067113431,0,0.0,0,True,0.0,0.0,0.0,13
ORD-5040,UTR112790183691,0,0.0,0,True,0.0,0.0,0.0,13
ORD-5040,UTR164339399508,0,0.0,0,True,0.0,0.0,0.0,13
ORD-5040,UTR897413148929,0,0.0,0,True,0.0,0.0,0.0,13
ORD-5040,UTR251113786540,0,0.0,0,True,0.0,0.0,0.0,13
ORD-5040,UTR668163047993,0,0.0,0,True,0.0,0.0,0.0,13
ORD-5040,UTR398235977635,0,0.0,0,True,0.0,0.0,0.0,13
ORD-5040,UTR467567156492,0,0.0,0,True,0.0,0.0,0.0,13
ORD-5040,UTR301320421069,0,0.0,0,True,0.0,0.0,0.0,13
ORD-5040,UTR524971960828,0,0.0,0,True,0.0,0.0,0.0,13
ORD-5040,UTR215256385481,0,0.0,0,True,0.0,0.0,0.0,13
ORD-5040,UTR550585953330,0,0.0,0,True,0.0,0.0,0.0,13
ORD-5003,UTR218242398173,0,0.0,0,True,0.0,0.0,0.0,13
ORD-5003,UTR828067113431,0,0.0,0,True,0.0,0.0,0.0,13
ORD-5003,UTR112790183691,0,0.0,0,True,0.0,0.0,0.0,13
ORD-5003,UTR164339399508,0,0.0,0,True,0.0,0.0,0.0,13
ORD-5003,UTR897413148929,0,0.0,0,True,0.0,0.0,0.0,13
ORD-5003,UTR251113786540,0,0.0,0,True,0.0,0.0,0.0,13
ORD-5003,UTR668163047993,0,0.0,0,True,0.0,0.0,0.0,13
ORD-5003,UTR398235977635,0,0.0,0,True,0.0,0.0,0.0,13
ORD-5003,UTR467567156492,0,0.0,0,True,0.0,0.0,0.0,13
ORD-5003,UTR301320421069,0,0.0,0,True,0.0,0.0,0.0,13
ORD-5003,UTR524971960828,0,0.0,0,True,0.0,0.0,0.0,13
ORD-5003,UTR215256385481,0,0.0,0,True,0.0,0.0,0.0,13
ORD-5003,UTR550585953330,0,0.0,0,True,0.0,0.0,0.0,13
ORD-5022,UTR218242398173,0,0.0,0,True,0.0,0.0,0.0,13
ORD-5022,UTR828067113431,0,0.0,0,True,0.0,0.0,0.0,13
ORD-5022,UTR112790183691,0,0.0,0,True,0.0,0.0,0.0,13
ORD-5022,UTR164339399508,0,0.0,0,True,0.0,0.0,0.0,13
ORD-5022,UTR897413148929,0,0.0,0,True,0.0,0.0,0.0,13
ORD-5022,UTR251113786540,0,0.0,0,True,0.0,0.0,0.0,13
ORD-5022,UTR668163047993,0,0.0,0,True,0.0,0.0,0.0,13
ORD-5022,UTR398235977635,0,0.0,0,True,0.0,0.0,0.0,13
ORD-5022,UTR467567156492,0,0.0,0,True,0.0,0.0,0.0,13
ORD-5022,UTR301320421069,0,0.0,0,True,0.0,0.0,0.0,13
ORD-5022,UTR524971960828,0,0.0,0,True,0.0,0.0,0.0,13
ORD-5022,UTR215256385481,0,0.0,0,True,0.0,0.0,0.0,13
ORD-5022,UTR550585953330,0,0.0,0,True,0.0,0.0,0.0,13
ORD-5012,UTR218242398173,0,0.0,0,True,0.0,0.0,0.0,13
ORD-5012,UTR828067113431,0,0.0,0,True,0.0,0.0,0.0,13
ORD-5012,UTR112790183691,0,0.0,0,True,0.0,0.0,0.0,13
ORD-5012,UTR164339399508,0,0.0,0,True,0.0,0.0,0.0,13
ORD-5012,UTR897413148929,0,0.0,0,True,0.0,0.0,0.0,13
ORD-5012,UTR251113786540,0,0.0,0,True,0.0,0.0,0.0,13
ORD-5012,UTR668163047993,0,0.0,0,True,0.0,0.0,0.0,13
ORD-5012,UTR398235977635,0,0.0,0,True,0.0,0.0,0.0,13
ORD-5012,UTR467567156492,0,0.0,0,True,0.0,0.0,0.0,13
ORD-5012,UTR301320421069,0,0.0,0,True,0.0,0.0,0.0,13
ORD-5012,UTR524971960828,0,0.0,0,True,0.0,0.0,0.0,13
ORD-5012,UTR215256385481,0,0.0,0,True,0.0,0.0,0.0,13
ORD-5012,UTR550585953330,0,0.0,0,True,0.0,0.0,0.0,13
ORD-5035,UTR218242398173,0,0.0,0,True,0.0,0.0,0.0,13
ORD-5035,UTR828067113431,0,0.0,0,True,0.0,0.0,0.0,13
ORD-5035,UTR112790183691,0,0.0,0,True,0.0,0.0,0.0,13
ORD-5035,UTR164339399508,0,0.0,0,True,0.0,0.0,0.0,13
ORD-5035,UTR897413148929,0,0.0,0,True,0.0,0.0,0.0,13
ORD-5035,UTR251113786540,0,0.0,0,True,0.0,0.0,0.0,13
ORD-5035,UTR668163047993,0,0.0,0,True,0.0,0.0,0.0,13
ORD-5035,UTR398235977635,0,0.0,0,True,0.0,0.0,0.0,13
ORD-5035,UTR467567156492,0,0.0,0,True,0.0,0.0,0.0,13
ORD-5035,UTR301320421069,0,0.0,0,True,0.0,0.0,0.0,13
ORD-5035,UTR524971960828,0,0.0,0,True,0.0,0.0,0.0,13
ORD-5035,UTR215256385481,0,0.0,0,True,0.0,0.0,0.0,13
ORD-5035,UTR550585953330,0,0.0,0,True,0.0,0.0,0.0,13
ORD-5023,UTR218242398173,0,0.0,0,True,0.0,0.0,0.0,13
ORD-5023,UTR828067113431,0,0.0,0,True,0.0,0.0,0.0,13
ORD-5023,UTR112790183691,0,0.0,0,True,0.0,0.0,0.0,13
ORD-5023,UTR164339399508,0,0.0,0,True,0.0,0.0,0.0,13
ORD-5023,UTR897413148929,0,0.0,0,True,0.0,0.0,0.0,13
ORD-5023,UTR251113786540,0,0.0,0,True,0.0,0.0,0.0,13
ORD-5023,UTR668163047993,0,0.0,0,True,0.0,0.0,0.0,13
ORD-5023,UTR398235977635,0,0.0,0,True,0.0,0.0,0.0,13
ORD-5023,UTR467567156492,0,0.0,0,True,0.0,0.0,0.0,13
ORD-5023,UTR301320421069,0,0.0,0,True,0.0,0.0,0.0,13
ORD-5023,UTR524971960828,0,0.0,0,True,0.0,0.0,0.0,13
ORD-5023,UTR215256385481,0,0.0,0,True,0.0,0.0,0.0,13
ORD-5023,UTR550585953330,0,0.0,0,True,0.0,0.0,0.0,13
ORD-5002,UTR218242398173,0,0.0,0,True,0.0,0.0,0.0,13
ORD-5002,UTR828067113431,0,0.0,0,True,0.0,0.0,0.0,13
ORD-5002,UTR112790183691,0,0.0,0,True,0.0,0.0,0.0,13
ORD-5002,UTR164339399508,0,0.0,0,True,0.0,0.0,0.0,13
ORD-5002,UTR897413148929,0,0.0,0,True,0.0,0.0,0.0,13
ORD-5002,UTR251113786540,0,0.0,0,True,0.0,0.0,0.0,13
ORD-5002,UTR668163047993,0,0.0,0,True,0.0,0.0,0.0,13
ORD-5002,UTR398235977635,0,0.0,0,True,0.0,0.0,0.0,13
ORD-5002,UTR467567156492,0,0.0,0,True,0.0,0.0,0.0,13
ORD-5002,UTR301320421069,0,0.0,0,True,0.0,0.0,0.0,13
ORD-5002,UTR524971960828,0,0.0,0,True,0.0,0.0,0.0,13
ORD-5002,UTR215256385481,0,0.0,0,True,0.0,0.0,0.0,13
ORD-5002,UTR550585953330,0,0.0,0,True,0.0,0.0,0.0,13
ORD-5013,UTR218242398173,0,0.0,0,True,0.0,0.0,0.0,13
ORD-5013,UTR828067113431,0,0.0,0,True,0.0,0.0,0.0,13
ORD-5013,UTR112790183691,0,0.0,0,True,0.0,0.0,0.0,13
ORD-5013,UTR164339399508,0,0.0,0,True,0.0,0.0,0.0,13
ORD-5013,UTR897413148929,0,0.0,0,True,0.0,0.0,0.0,13
ORD-5013,UTR251113786540,0,0.0,0,True,0.0,0.0,0.0,13
ORD-5013,UTR668163047993,0,0.0,0,True,0.0,0.0,0.0,13
ORD-5013,UTR398235977635,0,0.0,0,True,0.0,0.0,0.0,13
ORD-5013,UTR467567156492,0,0.0,0,True,0.0,0.0,0.0,13
ORD-5013,UTR301320421069,0,0.0,0,True,0.0,0.0,0.0,13
ORD-5013,UTR524971960828,0,0.0,0,True,0.0,0.0,0.0,13
ORD-5013,UTR215256385481,0,0.0,0,True,0.0,0.0,0.0,13
ORD-5013,UTR550585953330,0,0.0,0,True,0.0,0.0,0.0,13
ORD-5024,UTR218242398173,0,0.0,0,True,0.0,0.0,0.0,13
ORD-5024,UTR828067113431,0,0.0,0,True,0.0,0.0,0.0,13
ORD-5024,UTR112790183691,0,0.0,0,True,0.0,0.0,0.0,13
ORD-5024,UTR164339399508,0,0.0,0,True,0.0,0.0,0.0,13
ORD-5024,UTR897413148929,0,0.0,0,True,0.0,0.0,0.0,13
ORD-5024,UTR251113786540,0,0.0,0,True,0.0,0.0,0.0,13
ORD-5024,UTR668163047993,0,0.0,0,True,0.0,0.0,0.0,13
ORD-5024,UTR398235977635,0,0.0,0,True,0.0,0.0,0.0,13
ORD-5024,UTR467567156492,0,0.0,0,True,0.0,0.0,0.0,13
ORD-5024,UTR301320421069,0,0.0,0,True,0.0,0.0,0.0,13
ORD-5024,UTR524971960828,0,0.0,0,True,0.0,0.0,0.0,13
ORD-5024,UTR215256385481,0,0.0,0,True,0.0,0.0,0.0,13
ORD-5024,UTR550585953330,0,0.0,0,True,0.0,0.0,0.0,13
ORD-5017,UTR218242398173,0,0.0,0,True,0.0,0.0,0.0,13
ORD-5017,UTR828067113431,0,0.0,0,True,0.0,0.0,0.0,13
ORD-5017,UTR112790183691,0,0.0,0,True,0.0,0.0,0.0,13
ORD-5017,UTR164339399508,0,0.0,0,True,0.0,0.0,0.0,13
ORD-5017,UTR897413148929,0,0.0,0,True,0.0,0.0,0.0,13
ORD-5017,UTR251113786540,0,0.0,0,True,0.0,0.0,0.0,13
ORD-5017,UTR668163047993,0,0.0,0,True,0.0,0.0,0.0,13
ORD-5017,UTR398235977635,0,0.0,0,True,0.0,0.0,0.0,13
ORD-5017,UTR467567156492,0,0.0,0,True,0.0,0.0,0.0,13
ORD-5017,UTR301320421069,0,0.0,0,True,0.0,0.0,0.0,13
ORD-5017,UTR524971960828,0,0.0,0,True,0.0,0.0,0.0,13
ORD-5017,UTR215256385481,0,0.0,0,True,0.0,0.0,0.0,13
ORD-5017,UTR550585953330,0,0.0,0,True,0.0,0.0,0.0,13
ORD-5005,UTR218242398173,0,0.0,0,True,0.3537,0.0,0.3537,13
ORD-5005,UTR828067113431,0,0.0,0,True,0.3537,0.0,0.3537,13
ORD-5005,UTR112790183691,0,0.0,0,True,0.3537,0.0,0.3537,13
ORD-5005,UTR164339399508,0,0.0,0,True,0.3537,0.0,0.3537,13
ORD-5005,UTR897413148929,0,0.0,0,True,0.3537,0.0,0.3537,13
ORD-5005,UTR251113786540,0,0.0,0,True,0.3537,0.0,0.3537,13
ORD-5005,UTR668163047993,0,0.0,0,True,0.3537,0.0,0.3537,13
ORD-5005,UTR398235977635,0,0.0,0,True,0.3537,0.0,0.3537,13
ORD-5005,UTR467567156492,0,0.0,0,True,0.3537,0.0,0.3537,13
ORD-5005,UTR301320421069,0,0.0,0,True,0.3537,0.0,0.3537,13
ORD-5005,UTR524971960828,0,0.35369015246268143,0,True,0.3537,0.0,0.3537,13
ORD-5005,UTR215256385481,0,0.0,0,True,0.3537,0.0,0.3537,13
ORD-5005,UTR550585953330,0,0.0,0,True,0.3537,0.0,0.3537,13
ORD-5041,UTR218242398173,0,0.0,0,True,0.0,0.0,0.0,13
ORD-5041,UTR828067113431,0,0.0,0,True,0.0,0.0,0.0,13
ORD-5041,UTR112790183691,0,0.0,0,True,0.0,0.0,0.0,13
ORD-5041,UTR164339399508,0,0.0,0,True,0.0,0.0,0.0,13
ORD-5041,UTR897413148929,0,0.0,0,True,0.0,0.0,0.0,13
ORD-5041,UTR251113786540,0,0.0,0,True,0.0,0.0,0.0,13
ORD-5041,UTR668163047993,0,0.0,0,True,0.0,0.0,0.0,13
ORD-5041,UTR398235977635,0,0.0,0,True,0.0,0.0,0.0,13
ORD-5041,UTR467567156492,0,0.0,0,True,0.0,0.0,0.0,13
ORD-5041,UTR301320421069,0,0.0,0,True,0.0,0.0,0.0,13
ORD-5041,UTR524971960828,0,0.0,0,True,0.0,0.0,0.0,13
ORD-5041,UTR215256385481,0,0.0,0,True,0.0,0.0,0.0,13
ORD-5041,UTR550585953330,0,0.0,0,True,0.0,0.0,0.0,13
ORD-5036,UTR218242398173,0,0.0,0,True,0.0,0.0,0.0,13
ORD-5036,UTR828067113431,0,0.0,0,True,0.0,0.0,0.0,13
ORD-5036,UTR112790183691,0,0.0,0,True,0.0,0.0,0.0,13
ORD-5036,UTR164339399508,0,0.0,0,True,0.0,0.0,0.0,13
ORD-5036,UTR897413148929,0,0.0,0,True,0.0,0.0,0.0,13
ORD-5036,UTR251113786540,0,0.0,0,True,0.0,0.0,0.0,13
ORD-5036,UTR668163047993,0,0.0,0,True,0.0,0.0,0.0,13
ORD-5036,UTR398235977635,0,0.0,0,True,0.0,0.0,0.0,13
ORD-5036,UTR467567156492,0,0.0,0,True,0.0,0.0,0.0,13
ORD-5036,UTR301320421069,0,0.0,0,True,0.0,0.0,0.0,13
ORD-5036,UTR524971960828,0,0.0,0,True,0.0,0.0,0.0,13
ORD-5036,UTR215256385481,0,0.0,0,True,0.0,0.0,0.0,13
ORD-5036,UTR550585953330,0,0.0,0,True,0.0,0.0,0.0,13
ORD-5020,UTR218242398173,0,0.0,0,True,0.0,0.0,0.0,13
ORD-5020,UTR828067113431,0,0.0,0,True,0.0,0.0,0.0,13
ORD-5020,UTR112790183691,0,0.0,0,True,0.0,0.0,0.0,13
ORD-5020,UTR164339399508,0,0.0,0,True,0.0,0.0,0.0,13
ORD-5020,UTR897413148929,0,0.0,0,True,0.0,0.0,0.0,13
ORD-5020,UTR251113786540,0,0.0,0,True,0.0,0.0,0.0,13
ORD-5020,UTR668163047993,0,0.0,0,True,0.0,0.0,0.0,13
ORD-5020,UTR398235977635,0,0.0,0,True,0.0,0.0,0.0,13
ORD-5020,UTR467567156492,0,0.0,0,True,0.0,0.0,0.0,13
ORD-5020,UTR301320421069,0,0.0,0,True,0.0,0.0,0.0,13
ORD-5020,UTR524971960828,0,0.0,0,True,0.0,0.0,0.0,13
ORD-5020,UTR215256385481,0,0.0,0,True,0.0,0.0,0.0,13
ORD-5020,UTR550585953330,0,0.0,0,True,0.0,0.0,0.0,13
ORD-5001,UTR218242398173,0,0.0,0,True,0.0,0.0,0.0,13
ORD-5001,UTR828067113431,0,0.0,0,True,0.0,0.0,0.0,13
ORD-5001,UTR112790183691,0,0.0,0,True,0.0,0.0,0.0,13
ORD-5001,UTR164339399508,0,0.0,0,True,0.0,0.0,0.0,13
ORD-5001,UTR897413148929,0,0.0,0,True,0.0,0.0,0.0,13
ORD-5001,UTR251113786540,0,0.0,0,True,0.0,0.0,0.0,13
ORD-5001,UTR668163047993,0,0.0,0,True,0.0,0.0,0.0,13
ORD-5001,UTR398235977635,0,0.0,0,True,0.0,0.0,0.0,13
ORD-5001,UTR467567156492,0,0.0,0,True,0.0,0.0,0.0,13
ORD-5001,UTR301320421069,0,0.0,0,True,0.0,0.0,0.0,13
ORD-5001,UTR524971960828,0,0.0,0,True,0.0,0.0,0.0,13
ORD-5001,UTR215256385481,0,0.0,0,True,0.0,0.0,0.0,13
ORD-5001,UTR550585953330,0,0.0,0,True,0.0,0.0,0.0,13
ORD-5026,UTR218242398173,0,0.0,0,True,0.6256,0.0,0.6256,13
ORD-5026,UTR828067113431,0,0.0,0,True,0.6256,0.0,0.6256,13
ORD-5026,UTR112790183691,0,0.0,0,True,0.6256,0.0,0.6256,13
ORD-5026,UTR164339399508,0,0.6255801424587891,1,False,0.6256,0.0,0.6256,13
ORD-5026,UTR897413148929,0,0.0,0,True,0.6256,0.0,0.6256,13
ORD-5026,UTR251113786540,0,0.0,0,True,0.6256,0.0,0.6256,13
ORD-5026,UTR668163047993,0,0.0,0,True,0.6256,0.0,0.6256,13
ORD-5026,UTR398235977635,0,0.0,0,True,0.6256,0.0,0.6256,13
ORD-5026,UTR467567156492,0,0.0,0,True,0.6256,0.0,0.6256,13
ORD-5026,UTR301320421069,0,0.0,0,True,0.6256,0.0,0.6256,13
ORD-5026,UTR524971960828,0,0.0,0,True,0.6256,0.0,0.6256,13
ORD-5026,UTR215256385481,0,0.0,0,True,0.6256,0.0,0.6256,13
ORD-5026,UTR550585953330,0,0.0,0,True,0.6256,0.0,0.6256,13
ORD-5006,UTR218242398173,0,0.0,0,True,0.0,0.0,0.0,13
ORD-5006,UTR828067113431,0,0.0,0,True,0.0,0.0,0.0,13
ORD-5006,UTR112790183691,0,0.0,0,True,0.0,0.0,0.0,13
ORD-5006,UTR164339399508,0,0.0,0,True,0.0,0.0,0.0,13
ORD-5006,UTR897413148929,0,0.0,0,True,0.0,0.0,0.0,13
ORD-5006,UTR251113786540,0,0.0,0,True,0.0,0.0,0.0,13
ORD-5006,UTR668163047993,0,0.0,0,True,0.0,0.0,0.0,13
ORD-5006,UTR398235977635,0,0.0,0,True,0.0,0.0,0.0,13
ORD-5006,UTR467567156492,0,0.0,0,True,0.0,0.0,0.0,13
ORD-5006,UTR301320421069,0,0.0,0,True,0.0,0.0,0.0,13
ORD-5006,UTR524971960828,0,0.0,0,True,0.0,0.0,0.0,13
ORD-5006,UTR215256385481,0,0.0,0,True,0.0,0.0,0.0,13
ORD-5006,UTR550585953330,0,0.0,0,True,0.0,0.0,0.0,13
ORD-5007,UTR218242398173,0,0.0,0,True,0.2959,0.0044,0.2915,13
ORD-5007,UTR828067113431,0,0.0,0,True,0.2959,0.0044,0.2915,13
ORD-5007,UTR112790183691,0,0.0,0,True,0.2959,0.0044,0.2915,13
ORD-5007,UTR164339399508,0,0.004352686349491183,0,True,0.2959,0.0044,0.2915,13
ORD-5007,UTR897413148929,0,0.0,0,True,0.2959,0.0044,0.2915,13
ORD-5007,UTR251113786540,0,0.0,0,True,0.2959,0.0044,0.2915,13
ORD-5007,UTR668163047993,0,0.0,0,True,0.2959,0.0044,0.2915,13
ORD-5007,UTR398235977635,0,0.29590258900464284,0,True,0.2959,0.0044,0.2915,13
ORD-5007,UTR467567156492,0,0.0,0,True,0.2959,0.0044,0.2915,13
ORD-5007,UTR301320421069,0,0.0,0,True,0.2959,0.0044,0.2915,13
ORD-5007,UTR524971960828,0,0.0,0,True,0.2959,0.0044,0.2915,13
ORD-5007,UTR215256385481,0,0.0,0,True,0.2959,0.0044,0.2915,13
ORD-5007,UTR550585953330,0,0.0,0,True,0.2959,0.0044,0.2915,13
ORD-5009,UTR218242398173,0,0.0,0,True,0.0,0.0,0.0,13
ORD-5009,UTR828067113431,0,0.0,0,True,0.0,0.0,0.0,13
ORD-5009,UTR112790183691,0,0.0,0,True,0.0,0.0,0.0,13
ORD-5009,UTR164339399508,0,0.0,0,True,0.0,0.0,0.0,13
ORD-5009,UTR897413148929,0,0.0,0,True,0.0,0.0,0.0,13
ORD-5009,UTR251113786540,0,0.0,0,True,0.0,0.0,0.0,13
ORD-5009,UTR668163047993,0,0.0,0,True,0.0,0.0,0.0,13
ORD-5009,UTR398235977635,0,0.0,0,True,0.0,0.0,0.0,13
ORD-5009,UTR467567156492,0,0.0,0,True,0.0,0.0,0.0,13
ORD-5009,UTR301320421069,0,0.0,0,True,0.0,0.0,0.0,13
ORD-5009,UTR524971960828,0,0.0,0,True,0.0,0.0,0.0,13
ORD-5009,UTR215256385481,0,0.0,0,True,0.0,0.0,0.0,13
ORD-5009,UTR550585953330,0,0.0,0,True,0.0,0.0,0.0,13
ORD-5014,UTR218242398173,0,0.0,0,True,0.0,0.0,0.0,13
ORD-5014,UTR828067113431,0,0.0,0,True,0.0,0.0,0.0,13
ORD-5014,UTR112790183691,0,0.0,0,True,0.0,0.0,0.0,13
ORD-5014,UTR164339399508,0,0.0,0,True,0.0,0.0,0.0,13
ORD-5014,UTR897413148929,0,0.0,0,True,0.0,0.0,0.0,13
ORD-5014,UTR251113786540,0,0.0,0,True,0.0,0.0,0.0,13
ORD-5014,UTR668163047993,0,0.0,0,True,0.0,0.0,0.0,13
ORD-5014,UTR398235977635,0,0.0,0,True,0.0,0.0,0.0,13
ORD-5014,UTR467567156492,0,0.0,0,True,0.0,0.0,0.0,13
ORD-5014,UTR301320421069,0,0.0,0,True,0.0,0.0,0.0,13
ORD-5014,UTR524971960828,0,0.0,0,True,0.0,0.0,0.0,13
ORD-5014,UTR215256385481,0,0.0,0,True,0.0,0.0,0.0,13
ORD-5014,UTR550585953330,0,0.0,0,True,0.0,0.0,0.0,13
ORD-5037,UTR218242398173,0,0.0,0,True,0.1578,0.0,0.1578,13
ORD-5037,UTR828067113431,0,0.0,0,True,0.1578,0.0,0.1578,13
ORD-5037,UTR112790183691,0,0.1578469906453244,0,True,0.1578,0.0,0.1578,13
ORD-5037,UTR164339399508,0,0.0,0,True,0.1578,0.0,0.1578,13
ORD-5037,UTR897413148929,0,0.0,0,True,0.1578,0.0,0.1578,13
ORD-5037,UTR251113786540,0,0.0,0,True,0.1578,0.0,0.1578,13
ORD-5037,UTR668163047993,0,0.0,0,True,0.1578,0.0,0.1578,13
ORD-5037,UTR398235977635,0,0.0,0,True,0.1578,0.0,0.1578,13
ORD-5037,UTR467567156492,0,0.0,0,True,0.1578,0.0,0.1578,13
ORD-5037,UTR301320421069,0,0.0,0,True,0.1578,0.0,0.1578,13
ORD-5037,UTR524971960828,0,0.0,0,True,0.1578,0.0,0.1578,13
ORD-5037,UTR215256385481,0,0.0,0,True,0.1578,0.0,0.1578,13
ORD-5037,UTR550585953330,0,0.0,0,True,0.1578,0.0,0.1578,13
ORD-5032,UTR218242398173,0,0.0,0,True,0.0,0.0,0.0,13
ORD-5032,UTR828067113431,0,0.0,0,True,0.0,0.0,0.0,13
ORD-5032,UTR112790183691,0,0.0,0,True,0.0,0.0,0.0,13
ORD-5032,UTR164339399508,0,0.0,0,True,0.0,0.0,0.0,13
ORD-5032,UTR897413148929,0,0.0,0,True,0.0,0.0,0.0,13
ORD-5032,UTR251113786540,0,0.0,0,True,0.0,0.0,0.0,13
ORD-5032,UTR668163047993,0,0.0,0,True,0.0,0.0,0.0,13
ORD-5032,UTR398235977635,0,0.0,0,True,0.0,0.0,0.0,13
ORD-5032,UTR467567156492,0,0.0,0,True,0.0,0.0,0.0,13
ORD-5032,UTR301320421069,0,0.0,0,True,0.0,0.0,0.0,13
ORD-5032,UTR524971960828,0,0.0,0,True,0.0,0.0,0.0,13
ORD-5032,UTR215256385481,0,0.0,0,True,0.0,0.0,0.0,13
ORD-5032,UTR550585953330,0,0.0,0,True,0.0,0.0,0.0,13
