settlement_id,bank_transaction_id,settlement_amount,bank_amount,amount_difference,amount_difference_pct,date_difference_days,utr_match,utr_missing,narration_similarity,currency_match,label
setl_0025,bank_0125,51120.4,53527.22,2406.82,0.047081,4,0,0,0.272727,1,0
setl_0213,bank_0158,20633.58,21446.63,813.05,0.039404,4,0,1,0.272727,1,0
setl_0106,bank_0106,15249.42,15249.42,0.0,0.0,1,1,0,0.590909,1,1
setl_0162,bank_0175,88058.59,92641.81,4583.22,0.052047,7,0,1,0.318182,1,0
setl_0212,bank_0099,94492.09,86221.98,8270.11,0.087522,2,0,0,0.318182,1,0
setl_0164,bank_0164,83359.17,83359.17,0.0,0.0,1,1,0,0.590909,1,1
setl_0097,bank_0002,21284.54,18345.58,2938.96,0.13808,1,0,0,0.363636,1,0
setl_0192,bank_0209,36876.68,37423.46,546.78,0.014827,0,0,0,0.285714,1,0
setl_0092,bank_0029,70311.54,65696.1,4615.44,0.065643,2,0,0,0.227273,1,0
setl_0154,bank_0059,83898.15,83947.94,49.79,0.000593,1,0,0,0.227273,1,0
setl_0114,bank_0016,89715.54,81841.85,7873.69,0.087763,8,0,1,0.272727,1,0
setl_0090,bank_0016,71090.71,81841.85,10751.14,0.151231,3,0,1,0.272727,1,0
setl_0136,bank_0136,10799.96,10799.96,0.0,0.0,1,0,1,0.590909,1,1
setl_0156,bank_0127,61093.35,67150.84,6057.49,0.099151,3,0,0,0.363636,1,0
setl_0124,bank_0124,61295.46,61295.46,0.0,0.0,1,1,0,0.590909,1,1
setl_0033,bank_0154,87732.47,83898.15,3834.32,0.043705,5,0,0,0.272727,1,0
setl_0154,bank_0103,83898.15,84957.54,1059.39,0.012627,2,0,0,0.181818,1,0
setl_0215,bank_0007,66903.9,75901.43,8997.53,0.134484,2,0,0,0.363636,1,0
setl_0075,bank_0206,86449.48,88457.93,2008.45,0.023233,6,0,0,0.318182,1,0
setl_0038,bank_split_0003,21162.49,22253.13,1090.64,0.051536,0,0,0,0.232558,1,0
setl_0172,bank_0035,62884.07,58554.71,4329.36,0.068847,2,0,0,0.227273,1,0
setl_0088,bank_0132,35897.35,33658.46,2238.89,0.062369,4,0,0,0.318182,1,0
setl_0068,bank_0068,64841.75,64841.75,0.0,0.0,1,1,0,0.590909,1,1
setl_0054,bank_0165,53099.56,53510.23,410.67,0.007734,0,0,0,0.272727,1,0
setl_0127,bank_0092,67150.84,70311.54,3160.7,0.047069,2,0,0,0.181818,1,0
setl_0099,bank_0115,86221.98,85584.39,637.59,0.007395,2,0,0,0.318182,1,0
setl_0182,bank_0175,90438.07,92641.81,2203.74,0.024367,14,0,1,0.272727,1,0
setl_0013,bank_0042,71137.57,94156.2,23018.63,0.323579,1,0,1,0.227273,1,0
setl_0115,bank_0016,85584.39,81841.85,3742.54,0.043729,6,0,1,0.227273,1,0
setl_0116,bank_orphan_dup_0004,79260.25,89855.54,10595.29,0.133677,1,0,0,0.27907,1,0
setl_0065,bank_0123,24790.8,19345.41,5445.39,0.219654,7,0,1,0.227273,1,0
setl_0144,bank_0016,96153.92,81841.85,14312.07,0.148845,9,0,1,0.227273,1,0
setl_0048,bank_0048,28671.01,28671.01,0.0,0.0,5,1,0,0.590909,1,1
setl_0162,bank_0095,88058.59,87777.38,281.21,0.003193,11,0,1,0.272727,1,0
setl_0144,bank_0121,96153.92,85446.72,10707.2,0.111355,2,0,0,0.272727,1,0
setl_0151,bank_0151,49007.47,49007.47,0.0,0.0,5,1,0,0.590909,1,1
setl_0116,bank_0043,79260.25,84921.41,5661.16,0.071425,5,0,0,0.318182,1,0
setl_0007,bank_0131,75901.43,85923.2,10021.77,0.132037,3,0,0,0.363636,1,0
setl_0012,bank_0206,93877.93,88457.93,5420.0,0.057735,5,0,0,0.409091,1,0
setl_0072,bank_0027,76573.19,69465.0,7108.19,0.092829,2,0,1,0.272727,1,0
setl_0017,bank_0219,47863.13,42696.02,5167.11,0.107956,1,0,0,0.272727,1,0
setl_0178,bank_0080,52242.28,47779.16,4463.12,0.085431,4,0,0,0.318182,1,0
setl_0059,bank_0001,83947.94,95390.37,11442.43,0.136304,2,0,0,0.363636,1,0
setl_0085,bank_0173,36546.65,35021.85,1524.8,0.041722,0,0,0,0.227273,1,0
setl_0168,bank_0168,43203.02,43203.02,0.0,0.0,1,1,0,0.590909,1,1
setl_0027,bank_0028,69465.0,51602.74,17862.26,0.25714,4,0,1,0.227273,1,0
setl_0042,bank_0001,94156.2,95390.37,1234.17,0.013108,6,0,0,0.272727,1,0
setl_0016,bank_0099,81841.85,86221.98,4380.13,0.053519,5,0,0,0.363636,1,0
setl_0201,bank_0095,85008.31,87777.38,2769.07,0.032574,6,0,1,0.227273,1,0
setl_0117,bank_0126,70612.27,63757.94,6854.33,0.09707,1,0,0,0.363636,1,0
setl_0160,bank_0182,91994.46,90438.07,1556.39,0.016918,4,0,0,0.272727,1,0
setl_0199,bank_0096,55368.71,52495.17,2873.54,0.051898,3,0,0,0.363636,1,0
setl_0057,bank_0150,23970.62,27575.49,3604.87,0.150387,12,0,1,0.272727,1,0
setl_0084,bank_0084,95501.68,95501.68,0.0,0.0,1,1,0,0.590909,1,1
setl_0199,bank_0028,55368.71,51602.74,3765.97,0.068016,0,0,1,0.227273,1,0
setl_0006,bank_0157,25935.14,28382.97,2447.83,0.094383,2,0,0,0.363636,1,0
setl_0141,bank_0016,75237.48,81841.85,6604.37,0.08778,10,0,1,0.227273,1,0
setl_0085,bank_0218,36546.65,41576.09,5029.44,0.137617,9,0,1,0.227273,1,0
setl_0050,bank_0050,30947.0,30947.0,0.0,0.0,1,1,0,0.590909,1,1
setl_0023,bank_0023,51828.29,51828.29,0.0,0.0,1,1,0,0.590909,1,1
setl_0044,bank_0044,68018.95,47613.26,20405.69,0.3,1,1,0,0.604651,1,1
setl_0005,bank_0175,65162.01,92641.81,27479.8,0.421715,2,0,1,0.363636,1,0
setl_0066,bank_0069,74610.63,65479.34,9131.29,0.122386,1,0,0,0.272727,1,0
setl_0200,bank_0200,27080.45,27080.45,0.0,0.0,1,1,0,0.590909,1,1
setl_0153,bank_0153,7153.11,7153.11,0.0,0.0,5,1,0,0.590909,1,1
setl_0091,bank_0174,1725.3,1786.56,61.26,0.035507,1,0,0,0.227273,1,0
setl_0092,bank_0207,70311.54,70179.73,131.81,0.001875,4,0,0,0.409091,1,0
setl_0003,bank_0109,11614.28,10701.24,913.04,0.078614,3,0,0,0.372093,1,0
setl_0181,bank_0160,95951.8,91994.46,3957.34,0.041243,3,0,0,0.227273,1,0
setl_0077,bank_0101,59138.6,60726.97,1588.37,0.026858,4,0,0,0.227273,1,0
setl_0185,bank_0185,95013.48,95013.48,0.0,0.0,1,0,1,0.590909,1,1
setl_0171,bank_0022,44161.48,29800.7,14360.78,0.325188,5,0,1,0.318182,1,0
setl_0054,bank_0220,53099.56,49622.01,3477.55,0.065491,2,0,0,0.232558,1,0
setl_0054,bank_0054,53099.56,53099.31,0.25,5e-06,1,1,0,0.590909,1,1
setl_0116,bank_0008,79260.25,89834.66,10574.41,0.133414,1,0,0,0.272727,1,0
setl_0209,bank_0145,37423.46,28569.46,8854.0,0.23659,9,0,1,0.318182,1,0
setl_0220,bank_orphan_dup_0006,70888.59,70028.9,859.69,0.012127,6,0,0,0.325581,1,0
setl_0207,bank_0127,70179.73,67150.84,3028.89,0.043159,5,0,0,0.318182,1,0
setl_0147,bank_0016,83625.21,81841.85,1783.36,0.021326,8,0,1,0.318182,1,0
setl_0063,bank_0017,48987.94,47863.13,1124.81,0.022961,0,0,0,0.272727,1,0
setl_0155,bank_0042,80005.24,94156.2,14150.96,0.176875,9,0,1,0.363636,1,0
setl_0126,bank_0141,63757.94,75237.48,11479.54,0.180049,1,0,0,0.363636,1,0
setl_0140,bank_0022,26958.4,29800.7,2842.3,0.105433,1,0,1,0.227273,1,0
setl_0109,bank_split_0002,15287.49,4586.25,10701.24,0.7,2,1,0,0.604651,1,1
setl_0123,bank_0002,19345.41,18345.58,999.83,0.051683,4,0,0,0.363636,1,0
setl_0060,bank_0070,96928.2,86900.58,10027.62,0.103454,2,0,0,0.363636,1,0
setl_0160,bank_0114,91994.46,89715.54,2278.92,0.024772,2,0,0,0.272727,1,0
setl_0195,bank_0117,63421.09,70612.27,7191.18,0.113388,1,0,0,0.227273,1,0
setl_0103,bank_0159,84957.54,74547.16,10410.38,0.122536,11,0,1,0.227273,1,0
setl_0029,bank_0159,65696.1,74547.16,8851.06,0.134727,3,0,1,0.227273,1,0
setl_0104,bank_0104,36143.4,36143.4,0.0,0.0,1,1,0,0.590909,1,1
setl_0143,bank_0175,96916.49,92641.81,4274.68,0.044107,7,0,1,0.272727,1,0
setl_0128,bank_0152,54897.11,60677.4,5780.29,0.105293,2,0,0,0.272727,1,0
setl_0151,bank_0218,49007.47,41576.09,7431.38,0.151638,0,0,1,0.318182,1,0
setl_0041,bank_0214,73097.21,74234.72,1137.51,0.015562,5,0,0,0.363636,1,0
setl_0201,bank_0175,85008.31,92641.81,7633.5,0.089797,2,0,1,0.181818,1,0
setl_0045,bank_0218,56555.04,41576.09,14978.95,0.264856,4,0,1,0.363636,1,0
setl_0098,bank_0098,3659.55,3659.55,0.0,0.0,5,1,0,0.590909,1,1
setl_0019,bank_0159,68845.96,74547.16,5701.2,0.082811,7,0,1,0.227273,1,0
setl_0087,bank_0027,63009.04,69465.0,6455.96,0.102461,8,0,1,0.318182,1,0
setl_0182,bank_0160,90438.07,91994.46,1556.39,0.017209,6,0,0,0.272727,1,0
setl_0093,bank_0093,16797.99,16797.99,0.0,0.0,1,1,0,0.590909,1,1
setl_0021,bank_0157,28593.87,28382.97,210.9,0.007376,2,0,0,0.272727,1,0
setl_0180,bank_0090,71320.16,71091.46,228.7,0.003207,3,0,0,0.272727,1,0
setl_0031,bank_0031,49730.0,49730.0,0.0,0.0,1,1,0,0.590909,1,1
setl_0092,bank_0159,70311.54,74547.16,4235.62,0.060241,5,0,1,0.272727,1,0
setl_0029,bank_0152,65696.1,60677.4,5018.7,0.076393,2,0,0,0.318182,1,0
setl_0083,bank_0158,17673.82,21446.63,3772.81,0.213469,2,0,1,0.181818,1,0
setl_0201,bank_0201,85008.31,85008.31,0.0,0.0,1,1,0,0.590909,1,1
setl_0045,bank_0112,56555.04,55685.32,869.72,0.015378,0,0,0,0.272727,1,0
setl_0118,bank_0183,37206.7,32661.56,4545.14,0.122159,2,0,0,0.318182,1,0
setl_0139,bank_0163,69930.74,68667.28,1263.46,0.018067,3,0,0,0.272727,1,0
setl_0062,bank_0178,51812.67,52242.28,429.61,0.008292,2,0,1,0.227273,1,0
setl_0060,bank_0042,96928.2,94156.2,2772.0,0.028598,0,0,1,0.409091,1,0
setl_0086,bank_0086,26543.43,26543.43,0.0,0.0,1,1,0,0.590909,1,1
setl_0126,bank_0195,63757.94,63421.09,336.85,0.005283,3,0,0,0.272727,1,0
setl_0216,bank_0123,23714.8,19345.41,4369.39,0.184247,9,0,1,0.227273,1,0
setl_0111,bank_0159,67025.95,74547.16,7521.21,0.112213,14,0,1,0.272727,1,0
setl_0084,bank_0042,95501.68,94156.2,1345.48,0.014089,2,0,1,0.227273,1,0
setl_0185,bank_0095,95013.48,87777.38,7236.1,0.076159,0,0,1,0.272727,1,0
setl_0204,bank_0180,37762.27,35660.08,2102.19,0.055669,1,0,0,0.372093,1,0
setl_0135,bank_0085,35261.71,36546.65,1284.94,0.03644,5,0,0,0.318182,1,0
setl_0188,bank_split_0003,23452.15,22253.13,1199.02,0.051126,1,0,0,0.325581,1,0
setl_0056,bank_0123,22446.36,19345.41,3100.95,0.138149,5,0,1,0.227273,1,0
setl_0041,bank_0178,73097.21,52242.28,20854.93,0.285304,1,0,1,0.363636,1,0
setl_0059,bank_0070,83947.94,86900.58,2952.64,0.035172,3,0,0,0.272727,1,0
setl_0151,bank_0178,49007.47,52242.28,3234.81,0.066006,14,0,1,0.272727,1,0
setl_0152,bank_0156,60677.4,61093.35,415.95,0.006855,7,0,0,0.272727,1,0
setl_0108,bank_0218,44727.91,41576.09,3151.82,0.070467,12,0,1,0.272727,1,0
setl_0011,bank_0011,44506.26,22253.13,22253.13,0.5,1,1,0,0.604651,1,1
setl_0066,bank_0059,74610.63,83947.94,9337.31,0.125147,0,0,0,0.272727,1,0
setl_0116,bank_0159,79260.25,74547.16,4713.09,0.059463,8,0,1,0.272727,1,0
setl_0133,bank_0124,67202.68,61295.46,5907.22,0.087902,3,0,0,0.272727,1,0
setl_0057,bank_0057,23970.62,23970.62,0.0,0.0,1,1,0,0.590909,1,1
setl_0068,bank_orphan_dup_0001,64841.75,66920.42,2078.67,0.032058,0,0,0,0.27907,1,0
setl_0199,bank_0199,55368.71,55368.71,0.0,0.0,1,1,0,0.590909,1,1
setl_0199,bank_0027,55368.71,69465.0,14096.29,0.254589,3,0,1,0.227273,1,0
setl_0076,bank_0218,40951.19,41576.09,624.9,0.01526,15,0,1,0.227273,1,0
setl_0044,bank_0214,68018.95,74234.72,6215.77,0.091383,2,0,0,0.272727,1,0
setl_0080,bank_0178,47779.16,52242.28,4463.12,0.093411,2,0,1,0.318182,1,0
setl_0191,bank_0194,13616.87,15088.31,1471.44,0.10806,0,0,0,0.318182,1,0
setl_0122,bank_0178,86591.06,52242.28,34348.78,0.396678,1,0,1,0.272727,1,0
setl_0132,bank_0145,33658.46,28569.46,5089.0,0.151195,6,0,1,0.318182,1,0
setl_0088,bank_0064,35897.35,36993.84,1096.49,0.030545,5,0,0,0.363636,1,0
setl_0167,bank_0008,94398.35,89834.66,4563.69,0.048345,1,0,0,0.227273,1,0
setl_0083,bank_split_0006,17673.82,16175.04,1498.78,0.084802,4,0,0,0.418605,1,0
setl_0059,bank_0103,83947.94,84957.54,1009.6,0.012027,0,0,0,0.227273,1,0
setl_0043,bank_orphan_dup_0004,84921.41,89855.54,4934.13,0.058102,5,0,0,0.325581,1,0
setl_0180,bank_orphan_dup_0001,71320.16,66920.42,4399.74,0.06169,1,0,0,0.27907,1,0
setl_0207,bank_0042,70179.73,94156.2,23976.47,0.341644,3,0,1,0.272727,1,0
setl_0085,bank_0014,36546.65,37523.05,976.4,0.026717,4,0,0,0.272727,1,0
setl_0041,bank_0005,73097.21,65162.01,7935.2,0.108557,0,0,0,0.272727,1,0
setl_0167,bank_0175,94398.35,92641.81,1756.54,0.018608,9,0,1,0.318182,1,0
setl_0157,bank_0006,28382.97,25935.14,2447.83,0.086243,0,0,1,0.318182,1,0
setl_0132,bank_0088,33658.46,35897.35,2238.89,0.066518,2,0,0,0.272727,1,0
setl_0168,bank_0028,43203.02,51602.74,8399.72,0.194424,7,0,1,0.272727,1,0
setl_0081,bank_0081,70007.88,70007.88,0.0,0.0,1,1,0,0.590909,1,1
setl_0205,bank_0095,90963.38,87777.38,3186.0,0.035025,9,0,1,0.272727,1,0
setl_0020,bank_0152,59647.3,60677.4,1030.1,0.01727,5,0,0,0.318182,1,0
setl_0103,bank_0070,84957.54,86900.58,1943.04,0.022871,6,0,0,0.318182,1,0
setl_0084,bank_0159,95501.68,74547.16,20954.52,0.219415,1,0,1,0.227273,1,0
setl_0214,bank_0041,74234.72,73097.21,1137.51,0.015323,3,0,0,0.363636,1,0
setl_0220,bank_0126,70888.59,63757.94,7130.65,0.10059,1,0,0,0.318182,1,0
setl_0183,bank_0118,32661.56,37206.95,4545.39,0.139166,0,0,0,0.227273,1,0
setl_0080,bank_0105,47779.16,45427.01,2352.15,0.04923,5,0,0,0.318182,1,0
setl_0014,bank_0135,37523.05,35261.71,2261.34,0.060265,2,0,0,0.272727,1,0
setl_0127,bank_0207,67150.84,70179.73,3028.89,0.045106,3,0,0,0.318182,1,0
setl_0074,bank_0074,31034.87,31034.87,0.0,0.0,1,1,0,0.590909,1,1
setl_0055,bank_split_0010,8244.72,7599.23,645.49,0.078291,2,0,0,0.232558,1,0
setl_0134,bank_0134,10403.54,10403.54,0.0,0.0,5,1,0,0.590909,1,1
setl_0037,bank_0068,62358.9,64841.75,2482.85,0.039815,2,0,0,0.318182,1,0
setl_0074,bank_0183,31034.87,32661.56,1626.69,0.052415,0,0,0,0.272727,1,0
setl_0187,bank_0200,25330.75,27080.45,1749.7,0.069074,1,0,0,0.227273,1,0
setl_0220,bank_0090,70888.59,71091.46,202.87,0.002862,6,0,0,0.318182,1,0
setl_0137,bank_0137,49508.36,49508.61,0.25,5e-06,1,1,0,0.590909,1,1
setl_0180,bank_0117,71320.16,70612.27,707.89,0.009926,8,0,0,0.409091,1,0
setl_0189,bank_0194,14978.55,15088.31,109.76,0.007328,6,0,0,0.272727,1,0
setl_0200,bank_0158,27080.45,21446.63,5633.82,0.20804,3,0,1,0.272727,1,0
setl_0135,bank_0135,35261.71,35261.71,0.0,0.0,1,1,0,0.590909,1,1
setl_0190,bank_0190,71305.52,71305.52,0.0,0.0,5,1,0,0.590909,1,1
setl_0116,bank_0033,79260.25,87732.47,8472.22,0.106891,3,0,0,0.363636,1,0
setl_0205,bank_0179,90963.38,85460.39,5502.99,0.060497,4,0,0,0.318182,1,0
setl_0107,bank_0169,34462.04,34836.98,374.94,0.01088,2,0,0,0.272727,1,0
setl_0191,bank_0191,13616.87,9531.81,4085.06,0.3,1,1,0,0.604651,1,1
setl_0119,bank_0028,78127.62,51602.74,26524.88,0.339507,1,0,1,0.318182,1,0
setl_0212,bank_0181,94492.09,95951.8,1459.71,0.015448,0,0,0,0.227273,1,0
setl_0116,bank_0095,79260.25,87777.38,8517.13,0.107458,5,0,1,0.272727,1,0
setl_0043,bank_0043,84921.41,84921.41,0.0,0.0,1,1,0,0.590909,1,1
setl_0092,bank_0019,70311.54,68845.96,1465.58,0.020844,3,0,0,0.272727,1,0
setl_0116,bank_0185,79260.25,95013.48,15753.23,0.198753,6,0,1,0.272727,1,0
setl_0183,bank_0150,32661.56,27575.49,5086.07,0.15572,3,0,1,0.272727,1,0
setl_0039,bank_0113,63018.81,65388.53,2369.72,0.037603,2,0,0,0.272727,1,0
setl_0035,bank_0156,58554.71,61093.35,2538.64,0.043355,3,0,0,0.318182,1,0
setl_0064,bank_split_0007,36993.84,35660.08,1333.76,0.036054,5,0,0,0.27907,1,0
setl_0178,bank_0178,52242.28,52242.28,0.0,0.0,1,0,1,0.590909,1,1
setl_0041,bank_0185,73097.21,95013.48,21916.27,0.299824,2,0,1,0.272727,1,0
setl_0172,bank_0172,62884.07,62884.07,0.0,0.0,1,1,0,0.571429,1,1
setl_0152,bank_0073,60677.4,54139.43,6537.97,0.10775,1,0,0,0.318182,1,0
setl_0005,bank_0124,65162.01,61295.46,3866.55,0.059337,3,0,0,0.272727,1,0
setl_0008,bank_0159,89834.66,74547.16,15287.5,0.170174,6,0,1,0.272727,1,0
setl_0095,bank_0159,87777.38,74547.16,13230.22,0.150725,12,0,1,0.272727,1,0
setl_0076,bank_0076,40951.19,40951.19,0.0,0.0,1,1,0,0.590909,1,1
setl_0211,bank_0211,10782.39,10782.39,0.0,0.0,3,1,0,0.590909,1,1
setl_0209,bank_0209,37423.46,37423.46,0.0,0.0,1,1,0,0.571429,1,1
setl_0019,bank_0029,68845.96,65696.1,3149.86,0.045752,0,0,0,0.318182,1,0
setl_0189,bank_0136,14978.55,10799.96,4178.59,0.278972,2,0,1,0.227273,1,0
setl_0027,bank_0016,69465.0,81841.85,12376.85,0.178174,12,0,1,0.318182,1,0
setl_0033,bank_0043,87732.47,84921.41,2811.06,0.032041,3,0,0,0.272727,1,0
setl_0039,bank_0039,63018.81,63018.81,0.0,0.0,1,1,0,0.590909,1,1
setl_0030,bank_0030,14520.04,14520.04,0.0,0.0,1,1,0,0.590909,1,1
setl_0137,bank_0080,49508.36,47779.16,1729.2,0.034927,3,0,0,0.227273,1,0
setl_0132,bank_0132,33658.46,33658.46,0.0,0.0,1,1,0,0.590909,1,1
setl_0052,bank_0052,61018.17,61018.92,0.75,1.2e-05,1,1,0,0.590909,1,1
setl_0133,bank_0005,67202.68,65162.01,2040.67,0.030366,5,0,0,0.318182,1,0
setl_0212,bank_0016,94492.09,81841.85,12650.24,0.133876,4,0,1,0.227273,1,0
setl_0197,bank_0130,15646.81,16018.82,372.01,0.023775,1,0,0,0.272727,1,0
setl_0044,bank_0041,68018.95,73097.21,5078.26,0.074659,2,0,0,0.272727,1,0
setl_0083,bank_0123,17673.82,19345.41,1671.59,0.09458,13,0,1,0.181818,1,0
setl_0105,bank_0178,45427.01,52242.28,6815.27,0.150027,6,0,1,0.272727,1,0
setl_0204,bank_split_0007,37762.27,35660.08,2102.19,0.055669,3,0,0,0.372093,1,0
setl_0004,bank_0004,4301.04,4301.04,0.0,0.0,1,1,0,0.590909,1,1
setl_0179,bank_0185,85460.39,95013.48,9553.09,0.111784,11,0,1,0.318182,1,0
setl_0056,bank_0202,22446.36,22732.54,286.18,0.01275,0,0,0,0.272727,1,0
setl_0192,bank_0028,36876.68,51602.74,14726.06,0.399333,2,0,1,0.318182,1,0
setl_0127,bank_0172,67150.84,62884.07,4266.77,0.06354,6,0,0,0.357143,1,0
setl_0087,bank_0129,63009.04,59940.22,3068.82,0.048704,3,0,0,0.318182,1,0
setl_0119,bank_0161,78127.62,88871.93,10744.31,0.137523,2,0,0,0.318182,1,0
setl_0125,bank_0120,53527.22,57026.64,3499.42,0.065376,4,0,0,0.363636,1,0
setl_0019,bank_0095,68845.96,87777.38,18931.42,0.274982,6,0,1,0.272727,1,0
setl_0103,bank_0042,84957.54,94156.2,9198.66,0.108274,8,0,1,0.272727,1,0
setl_0015,bank_0053,13413.78,12559.43,854.35,0.063692,4,0,0,0.318182,1,0
setl_0014,bank_0085,37523.05,36546.65,976.4,0.026021,6,0,0,0.318182,1,0
setl_0056,bank_0056,22446.36,22446.36,0.0,0.0,1,1,0,0.590909,1,1
setl_0179,bank_0175,85460.39,92641.81,7181.42,0.084032,8,0,1,0.318182,1,0
setl_0024,bank_0095,73074.75,87777.38,14702.63,0.2012,0,0,1,0.181818,1,0
setl_0019,bank_0092,68845.96,70311.54,1465.58,0.021288,1,0,0,0.121212,1,0
setl_0061,bank_0061,52500.05,52500.05,0.0,0.0,1,1,0,0.590909,1,1
setl_0150,bank_0074,27575.49,31034.87,3459.38,0.125451,0,0,0,0.272727,1,0
setl_0061,bank_0178,52500.05,52242.28,257.77,0.00491,8,0,1,0.272727,1,0
setl_0214,bank_0175,74234.72,92641.81,18407.09,0.247958,3,0,1,0.227273,1,0
setl_0097,bank_0097,21284.54,21284.54,0.0,0.0,1,1,0,0.590909,1,1
setl_0162,bank_0162,88058.59,88058.59,0.0,0.0,1,1,0,0.590909,1,1
setl_0204,bank_orphan_dup_0003,37762.27,37010.92,751.35,0.019897,1,0,0,0.27907,1,0
setl_0180,bank_0215,71320.16,66903.9,4416.26,0.061922,1,0,0,0.272727,1,0
setl_0025,bank_0028,51120.4,51602.74,482.34,0.009435,12,0,1,0.227273,1,0
setl_0208,bank_0022,21721.97,29800.7,8078.73,0.371915,1,0,1,0.272727,1,0
setl_0164,bank_0121,83359.17,85446.72,2087.55,0.025043,2,0,0,0.363636,1,0
setl_0033,bank_0042,87732.47,94156.2,6423.73,0.07322,3,0,1,0.181818,1,0
setl_0130,bank_0197,16018.82,15646.81,372.01,0.023223,1,0,0,0.121212,1,0
setl_0161,bank_0119,88871.93,78127.62,10744.31,0.120897,0,0,0,0.318182,1,0
setl_0124,bank_0170,61295.46,58180.75,3114.71,0.050815,5,0,0,0.363636,1,0
setl_0185,bank_0167,95013.48,94398.35,615.13,0.006474,4,0,0,0.2,1,0
setl_0128,bank_0159,54897.11,74547.16,19650.05,0.357943,1,0,1,0.272727,1,0
setl_0074,bank_0150,31034.87,27575.49,3459.38,0.111468,2,0,1,0.272727,1,0
setl_0179,bank_0162,85460.39,88058.59,2598.2,0.030402,0,0,0,0.318182,1,0
setl_0075,bank_0043,86449.48,84921.41,1528.07,0.017676,1,0,0,0.272727,1,0
setl_0144,bank_0027,96153.92,69465.0,26688.92,0.277565,4,0,1,0.227273,1,0
setl_0064,bank_0064,36993.84,36993.84,0.0,0.0,1,1,0,0.590909,1,1
setl_0065,bank_0065,24790.8,24790.8,0.0,0.0,1,1,0,0.590909,1,1
setl_0165,bank_0220,53510.23,49622.01,3888.22,0.072663,1,0,0,0.27907,1,0
setl_0028,bank_0199,51602.74,55368.71,3765.97,0.07298,2,0,0,0.272727,1,0
setl_0012,bank_0012,93877.93,93877.93,0.0,0.0,1,1,0,0.590909,1,1
setl_0112,bank_0218,55685.07,41576.09,14108.98,0.253371,3,0,1,0.272727,1,0
setl_0022,bank_0049,29792.2,29787.03,5.17,0.000174,1,0,0,0.227273,1,0
setl_0118,bank_0218,37206.7,41576.09,4369.39,0.117436,5,0,1,0.227273,1,0
setl_0054,bank_0125,53099.56,53527.22,427.66,0.008054,5,0,0,0.363636,1,0
setl_0076,bank_0204,40951.19,37762.27,3188.92,0.077871,3,0,0,0.272727,1,0
setl_0059,bank_0159,83947.94,74547.16,9400.78,0.111983,8,0,1,0.227273,1,0
setl_0197,bank_0009,15646.81,16210.46,563.65,0.036023,5,0,0,0.272727,1,0
setl_0137,bank_0062,49508.36,51812.67,2304.31,0.046544,1,0,0,0.272727,1,0
setl_0214,bank_0095,74234.72,87777.38,13542.66,0.18243,7,0,1,0.227273,1,0
setl_0147,bank_0141,83625.21,75237.48,8387.73,0.100301,1,0,0,0.227273,1,0
setl_0071,bank_0093,15830.37,16797.99,967.62,0.061124,5,0,0,0.318182,1,0
setl_0120,bank_0016,57026.64,81841.85,24815.21,0.435151,0,0,1,0.318182,1,0
setl_0012,bank_0042,93877.93,94156.2,278.27,0.002964,6,0,1,0.272727,1,0
setl_0159,bank_0042,74547.16,94156.2,19609.04,0.263042,2,0,1,0.318182,1,0
setl_0002,bank_0123,18345.58,19345.41,999.83,0.0545,2,0,1,0.363636,1,0
setl_0165,bank_0045,53510.23,56555.04,3044.81,0.056901,2,0,0,0.272727,1,0
setl_0003,bank_0003,11614.28,11614.28,0.0,0.0,5,1,0,0.590909,1,1
setl_0007,bank_0007,75901.43,75901.43,0.0,0.0,5,1,0,0.590909,1,1
setl_0052,bank_0005,61018.17,65162.01,4143.84,0.067912,1,0,0,0.181818,1,0
setl_0157,bank_0145,28382.97,28569.46,186.49,0.00657,9,0,1,0.363636,1,0
setl_0033,bank_0206,87732.47,88457.93,725.46,0.008269,4,0,0,0.409091,1,0
setl_0206,bank_0206,88457.93,88457.93,0.0,0.0,1,1,0,0.590909,1,1
setl_0198,bank_0025,49167.6,51120.4,1952.8,0.039717,2,0,0,0.357143,1,0
setl_0070,bank_0206,86900.58,88457.93,1557.35,0.017921,2,0,0,0.318182,1,0
setl_0148,bank_0071,17854.45,15830.37,2024.08,0.113366,2,0,0,0.272727,1,0
setl_0213,bank_0196,20633.58,19906.12,727.46,0.035256,4,0,0,0.272727,1,0
setl_0104,bank_0183,36143.4,32661.56,3481.84,0.096334,2,0,0,0.272727,1,0
setl_0124,bank_0005,61295.46,65162.01,3866.55,0.063081,1,0,0,0.272727,1,0
setl_0209,bank_0006,37423.46,25935.14,11488.32,0.306982,0,0,1,0.318182,1,0
setl_0173,bank_0135,35021.85,35261.71,239.86,0.006849,2,0,0,0.227273,1,0
setl_0072,bank_0028,76573.19,51602.74,24970.45,0.326099,1,0,1,0.227273,1,0
setl_0126,bank_0045,63757.94,56555.04,7202.9,0.112973,2,0,0,0.318182,1,0
setl_0041,bank_0175,73097.21,92641.81,19544.6,0.267378,1,0,1,0.318182,1,0
setl_0122,bank_0175,86591.06,92641.81,6050.75,0.069877,1,0,1,0.227273,1,0
setl_0008,bank_0095,89834.66,87777.38,2057.28,0.022901,7,0,1,0.272727,1,0
setl_0025,bank_0025,51120.4,51120.4,0.0,0.0,1,1,0,0.571429,1,1
setl_0090,bank_orphan_dup_0006,71090.71,70028.9,1061.81,0.014936,1,0,0,0.325581,1,0
setl_0046,bank_0046,29244.16,29244.16,0.0,0.0,3,1,0,0.590909,1,1
setl_0103,bank_0103,84957.54,84957.54,0.0,0.0,3,1,0,0.590909,1,1
setl_0053,bank_0053,12559.43,12559.43,0.0,0.0,1,1,0,0.590909,1,1
setl_0193,bank_0218,44091.29,41576.09,2515.2,0.057045,13,0,1,0.272727,1,0
setl_0204,bank_0204,37762.27,37762.27,0.0,0.0,1,1,0,0.590909,1,1
setl_0116,bank_0116,79260.25,79260.25,0.0,0.0,1,1,0,0.590909,1,1
setl_0020,bank_0035,59647.3,58554.71,1092.59,0.018318,1,0,0,0.272727,1,0
setl_0066,bank_0042,74610.63,94156.2,19545.57,0.261968,4,0,1,0.318182,1,0
setl_0127,bank_0152,67150.84,60677.4,6473.44,0.096401,3,0,0,0.318182,1,0
setl_0070,bank_0070,86900.58,86900.58,0.0,0.0,1,1,0,0.590909,1,1
setl_0163,bank_0039,68667.28,63018.81,5648.47,0.082259,2,0,0,0.227273,1,0
setl_0165,bank_0125,53510.23,53527.22,16.99,0.000318,6,0,0,0.318182,1,0
setl_0050,bank_0006,30947.0,25935.14,5011.86,0.16195,7,0,1,0.272727,1,0
setl_0016,bank_0210,81841.85,88623.92,6782.07,0.082868,2,0,0,0.318182,1,0
setl_0143,bank_0179,96916.49,85460.39,11456.1,0.118206,2,0,0,0.272727,1,0
setl_0034,bank_0089,14764.14,17229.55,2465.41,0.166986,0,0,0,0.318182,1,0
setl_0006,bank_orphan_dup_0005,25935.14,28422.4,2487.26,0.095903,2,0,0,0.372093,1,0
setl_0088,bank_0218,35897.35,41576.09,5678.74,0.158194,11,0,1,0.318182,1,0
setl_0117,bank_0016,70612.27,81841.85,11229.58,0.159032,8,0,1,0.318182,1,0
setl_0029,bank_0207,65696.1,70179.73,4483.63,0.068248,2,0,0,0.272727,1,0
setl_0186,bank_0028,67630.35,51602.74,16027.61,0.236988,0,0,1,0.318182,1,0
setl_0038,bank_0011,21162.49,22253.13,1090.64,0.051536,1,0,0,0.232558,1,0
setl_0172,bank_0019,62884.07,68845.96,5961.89,0.094808,1,0,0,0.318182,1,0
setl_0048,bank_0157,28671.01,28382.97,288.04,0.010046,2,0,0,0.272727,1,0
setl_0102,bank_0108,45236.61,44727.91,508.7,0.011245,2,0,0,0.272727,1,0
setl_0188,bank_0038,23452.15,21162.49,2289.66,0.097631,2,0,0,0.272727,1,0
setl_0007,bank_0141,75901.43,75237.48,663.95,0.008748,7,0,0,0.318182,1,0
setl_0058,bank_0058,10135.03,10135.03,0.0,0.0,1,1,0,0.590909,1,1
setl_0135,bank_0173,35261.71,35021.85,239.86,0.006802,4,0,0,0.272727,1,0
setl_0089,bank_0089,17229.55,17229.55,0.0,0.0,1,1,0,0.590909,1,1
setl_0008,bank_0043,89834.66,84921.41,4913.25,0.054692,3,0,0,0.318182,1,0
setl_0006,bank_0145,25935.14,28569.46,2634.32,0.101573,8,0,1,0.363636,1,0
setl_0016,bank_0131,81841.85,85923.2,4081.35,0.049869,2,0,0,0.227273,1,0
setl_0078,bank_0145,27766.86,28569.46,802.6,0.028905,5,0,1,0.227273,1,0
setl_0043,bank_0033,84921.41,87732.47,2811.06,0.033102,3,0,0,0.272727,1,0
setl_0179,bank_0205,85460.39,90963.38,5502.99,0.064392,2,0,0,0.318182,1,0
setl_0183,bank_0074,32661.56,31034.87,1626.69,0.049804,2,0,0,0.227273,1,0
setl_0003,bank_0051,11614.28,12194.65,580.37,0.04997,1,0,0,0.27907,1,0
setl_0176,bank_0176,97516.97,97516.97,0.0,0.0,4,1,0,0.590909,1,1
setl_0074,bank_0046,31034.87,29244.16,1790.71,0.0577,6,0,0,0.363636,1,0
setl_0061,bank_0063,52500.05,48987.94,3512.11,0.066897,1,0,0,0.318182,1,0
setl_0107,bank_0107,34462.04,34462.04,0.0,0.0,1,1,0,0.590909,1,1
setl_0169,bank_0209,34836.98,37423.46,2586.48,0.074245,2,0,0,0.285714,1,0
setl_0117,bank_0141,70612.27,75237.48,4625.21,0.065502,1,0,0,0.318182,1,0
setl_0018,bank_0122,90305.28,86591.06,3714.22,0.04113,3,0,0,0.333333,1,0
setl_0115,bank_0147,85584.39,83625.21,1959.18,0.022892,1,0,0,0.363636,1,0
setl_0020,bank_0127,59647.3,67150.84,7503.54,0.125798,1,0,0,0.272727,1,0
setl_0155,bank_0059,80005.24,83947.94,3942.7,0.049281,5,0,0,0.272727,1,0
setl_0050,bank_0145,30947.0,28569.46,2377.54,0.076826,2,0,1,0.272727,1,0
setl_0157,bank_0078,28382.97,27766.61,616.36,0.021716,3,0,0,0.181818,1,0
setl_0013,bank_0190,71137.57,71305.52,167.95,0.002361,1,0,0,0.227273,1,0
setl_0154,bank_0159,83898.15,74547.16,9350.99,0.111456,6,0,1,0.272727,1,0
setl_0048,bank_orphan_dup_0005,28671.01,28422.4,248.61,0.008671,2,0,0,0.27907,1,0
setl_0072,bank_0016,76573.19,81841.85,5268.66,0.068806,15,0,1,0.272727,1,0
setl_0035,bank_0172,58554.71,62884.07,4329.36,0.073937,4,0,0,0.285714,1,0
setl_0133,bank_0133,67202.68,67202.68,0.0,0.0,1,1,0,0.590909,1,1
setl_0029,bank_0127,65696.1,67150.84,1454.74,0.022143,2,0,0,0.272727,1,0
setl_0024,bank_0116,73074.75,79260.25,6185.5,0.084646,4,0,0,0.318182,1,0
setl_0166,bank_0179,81829.15,85460.39,3631.24,0.044376,6,0,0,0.363636,1,0
setl_0020,bank_0159,59647.3,74547.16,14899.86,0.249799,6,0,1,0.318182,1,0
setl_0075,bank_0084,86449.48,95501.68,9052.2,0.104711,2,0,0,0.409091,1,0
setl_0169,bank_0192,34836.98,36876.68,2039.7,0.05855,1,0,0,0.272727,1,0
setl_0029,bank_0029,65696.1,65696.1,0.0,0.0,4,1,0,0.590909,1,1
setl_0100,bank_0123,20861.76,19345.41,1516.35,0.072686,8,0,1,0.227273,1,0
setl_0159,bank_0159,74547.16,74547.16,0.0,0.0,1,0,1,0.590909,1,1
setl_0164,bank_0016,83359.17,81841.85,1517.32,0.018202,5,0,1,0.363636,1,0
setl_0005,bank_0178,65162.01,52242.28,12919.73,0.198271,0,0,1,0.272727,1,0
setl_0201,bank_0185,85008.31,95013.48,10005.17,0.117696,5,0,1,0.227273,1,0
setl_0143,bank_0185,96916.49,95013.48,1903.01,0.019636,10,0,1,0.272727,1,0
setl_0192,bank_0006,36876.68,25935.14,10941.54,0.296706,1,0,1,0.181818,1,0
setl_0172,bank_0020,62884.07,59647.3,3236.77,0.051472,2,0,0,0.227273,1,0
setl_0152,bank_0159,60677.4,74547.16,13869.76,0.228582,4,0,1,0.227273,1,0
setl_0131,bank_0115,85923.2,85584.39,338.81,0.003943,5,0,0,0.272727,1,0
setl_0020,bank_0172,59647.3,62884.07,3236.77,0.054265,4,0,0,0.285714,1,0
setl_0147,bank_0166,83625.21,81829.15,1796.06,0.021477,4,0,0,0.272727,1,0
setl_0210,bank_0131,88623.92,85923.2,2700.72,0.030474,1,0,0,0.363636,1,0
setl_0090,bank_0027,71090.71,69465.0,1625.71,0.022868,16,0,1,0.272727,1,0
setl_0172,bank_0127,62884.07,67150.84,4266.77,0.067851,4,0,0,0.318182,1,0
setl_0007,bank_0081,75901.43,70007.88,5893.55,0.077647,0,0,0,0.318182,1,0
setl_0063,bank_0063,48987.94,48987.94,0.0,0.0,1,1,0,0.590909,1,1
setl_0164,bank_0027,83359.17,69465.0,13894.17,0.166678,8,0,1,0.272727,1,0
setl_0090,bank_0141,71090.71,75237.48,4146.77,0.058331,6,0,0,0.363636,1,0
setl_0211,bank_0134,10782.39,10403.54,378.85,0.035136,5,0,0,0.272727,1,0
setl_0201,bank_0179,85008.31,85460.39,452.08,0.005318,7,0,0,0.272727,1,0
setl_0095,bank_0185,87777.38,95013.48,7236.1,0.082437,2,0,1,0.318182,1,0
setl_0076,bank_0064,40951.19,36993.84,3957.35,0.096636,1,0,0,0.272727,1,0
setl_0208,bank_0158,21721.97,21446.63,275.34,0.012676,8,0,1,0.227273,1,0
setl_0130,bank_0123,16018.82,19345.41,3326.59,0.207668,5,0,1,0.181818,1,0
setl_0212,bank_0212,94492.09,94492.09,0.0,0.0,1,1,0,0.590909,1,1
setl_0131,bank_0016,85923.2,81841.85,4081.35,0.0475,0,0,1,0.272727,1,0
setl_0081,bank_0117,70007.88,70612.27,604.39,0.008633,4,0,0,0.227273,1,0
setl_0217,bank_0031,54428.82,49730.0,4698.82,0.08633,2,0,0,0.409091,1,0
setl_0078,bank_0006,27766.86,25935.14,1831.72,0.065968,4,0,1,0.181818,1,0
setl_0205,bank_0201,90963.38,85008.31,5955.07,0.065467,2,0,0,0.181818,1,0
setl_0064,bank_0088,36993.84,35897.35,1096.49,0.02964,3,0,0,0.363636,1,0
setl_0180,bank_0068,71320.16,64841.75,6478.41,0.090836,2,0,0,0.272727,1,0
setl_0016,bank_0147,81841.85,83625.21,1783.36,0.02179,6,0,0,0.272727,1,0
setl_0040,bank_0218,39842.98,41576.09,1733.11,0.043499,3,0,1,0.318182,1,0
setl_0069,bank_0101,65479.34,60726.97,4752.37,0.072578,2,0,0,0.227273,1,0
setl_0215,bank_0090,66903.9,71091.46,4187.56,0.062591,3,0,0,0.318182,1,0
setl_0069,bank_0069,65479.34,65479.34,0.0,0.0,1,1,0,0.590909,1,1
setl_0091,bank_0091,1725.3,1725.3,0.0,0.0,1,1,0,0.590909,1,1
setl_0014,bank_0178,37523.05,52242.28,14719.23,0.392272,0,0,1,0.272727,1,0
setl_0033,bank_0033,87732.47,87732.47,0.0,0.0,5,1,0,0.590909,1,1
setl_0060,bank_0084,96928.2,95501.68,1426.52,0.014717,3,0,0,0.227273,1,0
setl_0080,bank_0137,47779.16,49508.61,1729.45,0.036197,1,0,0,0.272727,1,0
setl_0066,bank_0159,74610.63,74547.16,63.47,0.000851,7,0,1,0.363636,1,0
setl_0195,bank_0195,63421.09,63421.09,0.0,0.0,1,1,0,0.590909,1,1
setl_0064,bank_0218,36993.84,41576.09,4582.25,0.123865,15,0,1,0.363636,1,0
setl_0104,bank_0118,36143.4,37206.95,1063.55,0.029426,3,0,0,0.272727,1,0
setl_0105,bank_0080,45427.01,47779.16,2352.15,0.051779,3,0,0,0.318182,1,0
setl_0198,bank_0028,49167.6,51602.74,2435.14,0.049527,9,0,1,0.227273,1,0
setl_0075,bank_0075,86449.48,86449.48,0.0,0.0,1,1,0,0.590909,1,1
setl_0082,bank_0082,1489.01,1489.26,0.25,0.000168,1,1,0,0.590909,1,1
setl_0096,bank_0025,52495.17,51120.4,1374.77,0.026189,7,0,0,0.357143,1,0
setl_0080,bank_0080,47779.16,47779.16,0.0,0.0,1,1,0,0.590909,1,1
setl_0007,bank_orphan_dup_0001,75901.43,66920.42,8981.01,0.118325,4,0,0,0.372093,1,0
setl_0028,bank_0096,51602.74,52495.17,892.43,0.017294,2,0,0,0.363636,1,0
setl_0042,bank_0012,94156.2,93877.93,278.27,0.002955,4,0,0,0.272727,1,0
setl_0113,bank_0133,65388.53,67202.68,1814.15,0.027744,2,0,0,0.272727,1,0
setl_0140,bank_0158,26958.4,21446.63,5511.77,0.204455,8,0,1,0.181818,1,0
setl_0040,bank_0150,39842.98,27575.49,12267.49,0.307896,4,0,1,0.272727,1,0
setl_0162,bank_0205,88058.59,90963.38,2904.79,0.032987,1,0,0,0.318182,1,0
setl_0008,bank_0185,89834.66,95013.48,5178.82,0.057648,8,0,1,0.227273,1,0
setl_0019,bank_0127,68845.96,67150.84,1695.12,0.024622,2,0,0,0.272727,1,0
setl_0006,bank_0006,25935.14,25935.14,0.0,0.0,1,0,1,0.590909,1,1
setl_0187,bank_0158,25330.75,21446.63,3884.12,0.153336,3,0,1,0.318182,1,0
setl_0180,bank_0027,71320.16,69465.0,1855.16,0.026012,12,0,1,0.227273,1,0
setl_0133,bank_0041,67202.68,73097.21,5894.53,0.087713,4,0,0,0.363636,1,0
setl_0041,bank_0024,73097.21,73074.75,22.46,0.000307,2,0,0,0.272727,1,0
setl_0101,bank_0101,60726.22,60726.97,0.75,1.2e-05,1,1,0,0.590909,1,1
setl_0094,bank_0094,5593.8,5593.8,0.0,0.0,1,1,0,0.466667,1,1
setl_0037,bank_0215,62358.9,66903.9,4545.0,0.072885,3,0,0,0.227273,1,0
setl_0132,bank_orphan_dup_0003,33658.46,37010.92,3352.46,0.099602,2,0,0,0.325581,1,0
setl_0218,bank_0104,41576.09,36143.4,5432.69,0.130669,1,0,0,0.318182,1,0
setl_0170,bank_0178,58180.75,52242.28,5938.47,0.102069,6,0,1,0.318182,1,0
setl_0090,bank_0081,71090.71,70007.88,1082.83,0.015232,1,0,0,0.318182,1,0
setl_0042,bank_0060,94156.2,96928.2,2772.0,0.02944,2,0,0,0.409091,1,0
setl_0060,bank_0060,96928.2,96928.2,0.0,0.0,1,1,0,0.590909,1,1
setl_0167,bank_0095,94398.35,87777.38,6620.97,0.070139,5,0,1,0.318182,1,0
setl_0009,bank_0130,16210.46,16018.82,191.64,0.011822,3,0,0,0.227273,1,0
setl_0206,bank_0042,88457.93,94156.2,5698.27,0.064418,2,0,1,0.227273,1,0
setl_0032,bank_0050,32663.51,30947.0,1716.51,0.052551,1,0,0,0.272727,1,0
setl_0049,bank_0022,29787.03,29800.7,13.67,0.000459,1,0,1,0.181818,1,0
setl_0220,bank_0195,70888.59,63421.09,7467.5,0.105341,1,0,0,0.272727,1,0
setl_0140,bank_split_0006,26958.4,16175.04,10783.36,0.4,2,1,0,0.604651,1,1
setl_0175,bank_0205,92641.81,90963.38,1678.43,0.018117,7,0,0,0.318182,1,0
setl_0095,bank_0122,87777.38,86591.06,1186.32,0.013515,5,0,0,0.2,1,0
setl_0103,bank_0047,84957.54,75778.9,9178.64,0.108038,0,0,0,0.272727,1,0
setl_0114,bank_0114,89715.54,89715.54,0.0,0.0,1,1,0,0.590909,1,1
setl_0020,bank_0156,59647.3,61093.35,1446.05,0.024243,3,0,0,0.272727,1,0
setl_0042,bank_0154,94156.2,83898.15,10258.05,0.108947,1,0,0,0.318182,1,0
setl_0175,bank_0185,92641.81,95013.48,2371.67,0.0256,2,0,1,0.227273,1,0
setl_0120,bank_0054,57026.64,53099.31,3927.33,0.068868,4,0,0,0.272727,1,0
setl_0099,bank_0016,86221.98,81841.85,4380.13,0.050801,7,0,1,0.363636,1,0
setl_0075,bank_0042,86449.48,94156.2,7706.72,0.089147,5,0,1,0.272727,1,0
setl_0010,bank_0010,12357.32,12357.32,0.0,0.0,1,1,0,0.590909,1,1
setl_0216,bank_0150,23714.8,27575.49,3860.69,0.162797,7,0,1,0.181818,1,0
setl_0019,bank_0178,68845.96,52242.28,16603.68,0.241171,8,0,1,0.272727,1,0
setl_0001,bank_0042,95390.37,94156.2,1234.17,0.012938,8,0,1,0.272727,1,0
setl_0188,bank_0188,23452.15,23452.15,0.0,0.0,1,1,0,0.590909,1,1
setl_0216,bank_0202,23714.8,22732.54,982.26,0.04142,4,0,0,0.318182,1,0
setl_0145,bank_0006,28569.46,25935.14,2634.32,0.092208,10,0,1,0.363636,1,0
setl_0079,bank_0079,45153.62,45153.12,0.5,1.1e-05,1,1,0,0.590909,1,1
setl_0060,bank_0159,96928.2,74547.16,22381.04,0.230903,3,0,1,0.272727,1,0
setl_0127,bank_0029,67150.84,65696.1,1454.74,0.021664,3,0,0,0.318182,1,0
setl_0005,bank_0024,65162.01,73074.75,7912.74,0.121432,1,0,0,0.272727,1,0
setl_0060,bank_0206,96928.2,88457.93,8470.27,0.087387,1,0,0,0.272727,1,0
setl_0147,bank_0115,83625.21,85584.39,1959.18,0.023428,3,0,0,0.363636,1,0
setl_0008,bank_0075,89834.66,86449.48,3385.18,0.037682,3,0,0,0.318182,1,0
setl_0096,bank_0028,52495.17,51602.74,892.43,0.017,4,0,1,0.363636,1,0
setl_0081,bank_0027,70007.88,69465.0,542.88,0.007755,16,0,1,0.227273,1,0
setl_0043,bank_0185,84921.41,95013.48,10092.07,0.11884,12,0,1,0.318182,1,0
setl_0202,bank_0202,22732.54,22732.54,0.0,0.0,1,1,0,0.590909,1,1
setl_0102,bank_0193,45236.61,44091.29,1145.32,0.025318,1,0,0,0.181818,1,0
setl_0139,bank_0113,69930.74,65388.53,4542.21,0.064953,3,0,0,0.272727,1,0
setl_0140,bank_0140,26958.4,10783.36,16175.04,0.6,1,1,0,0.604651,1,1
setl_0081,bank_0215,70007.88,66903.9,3103.98,0.044338,5,0,0,0.272727,1,0
setl_0070,bank_0066,86900.58,74610.38,12290.2,0.141428,0,0,0,0.272727,1,0
setl_0218,bank_0040,41576.09,39842.98,1733.11,0.041685,5,0,0,0.318182,1,0
setl_0218,bank_0218,41576.09,41576.09,0.0,0.0,1,0,1,0.590909,1,1
setl_0008,bank_0167,89834.66,94398.35,4563.69,0.050801,3,0,0,0.2,1,0
setl_0013,bank_0066,71137.57,74610.38,3472.81,0.048818,2,0,0,0.318182,1,0
setl_0206,bank_0070,88457.93,86900.58,1557.35,0.017606,0,0,0,0.318182,1,0
setl_0027,bank_0027,69465.0,69465.0,0.0,0.0,1,0,1,0.590909,1,1
setl_0171,bank_0171,44161.48,44161.48,0.0,0.0,1,1,0,0.590909,1,1
setl_0076,bank_0132,40951.19,33658.46,7292.73,0.178083,0,0,0,0.318182,1,0
setl_0204,bank_0088,37762.27,35897.35,1864.92,0.049386,5,0,0,0.363636,1,0
setl_0131,bank_0131,85923.2,85923.2,0.0,0.0,1,1,0,0.590909,1,1
setl_0158,bank_0213,21446.63,20633.58,813.05,0.03791,2,0,0,0.318182,1,0
setl_0157,bank_0157,28382.97,28382.97,0.0,0.0,1,1,0,0.590909,1,1
setl_0088,bank_0145,35897.35,28569.46,7327.89,0.204135,9,0,1,0.227273,1,0
setl_0081,bank_0195,70007.88,63421.09,6586.79,0.094086,4,0,0,0.318182,1,0
setl_0008,bank_0008,89834.66,89834.66,0.0,0.0,1,1,0,0.590909,1,1
setl_0159,bank_0207,74547.16,70179.73,4367.43,0.058586,2,0,0,0.318182,1,0
setl_0150,bank_0150,27575.49,27575.49,0.0,0.0,1,0,1,0.590909,1,1
setl_0097,bank_0056,21284.54,22446.36,1161.82,0.054585,2,0,0,0.272727,1,0
setl_0215,bank_0081,66903.9,70007.88,3103.98,0.046395,3,0,0,0.272727,1,0
setl_0188,bank_0150,23452.15,27575.49,4123.34,0.175819,4,0,1,0.272727,1,0
setl_0115,bank_0099,85584.39,86221.98,637.59,0.00745,0,0,0,0.363636,1,0
setl_0033,bank_0075,87732.47,86449.48,1282.99,0.014624,3,0,0,0.272727,1,0
setl_0214,bank_0214,74234.72,74234.72,0.0,0.0,1,1,0,0.590909,1,1
setl_0202,bank_0123,22732.54,19345.41,3387.13,0.148999,4,0,1,0.272727,1,0
setl_0135,bank_0014,35261.71,37523.05,2261.34,0.06413,0,0,0,0.272727,1,0
setl_0109,bank_0136,15287.49,10799.96,4487.53,0.293543,5,0,1,0.363636,1,0
setl_0201,bank_0122,85008.31,86591.06,1582.75,0.018619,2,0,0,0.2,1,0
setl_0140,bank_0200,26958.4,27080.45,122.05,0.004527,6,0,0,0.363636,1,0
setl_0163,bank_0139,68667.28,69930.74,1263.46,0.0184,1,0,0,0.272727,1,0
setl_0192,bank_0169,36876.68,34836.98,2039.7,0.055311,3,0,0,0.227273,1,0
setl_0182,bank_0166,90438.07,81829.15,8608.92,0.095191,2,0,0,0.272727,1,0
setl_0069,bank_0111,65479.34,67025.95,1546.61,0.02362,4,0,0,0.318182,1,0
setl_0173,bank_0085,35021.85,36546.65,1524.8,0.043539,2,0,0,0.227273,1,0
setl_0164,bank_0131,83359.17,85923.2,2564.03,0.030759,4,0,0,0.318182,1,0
setl_0169,bank_0107,34836.98,34462.04,374.94,0.010763,0,0,0,0.272727,1,0
setl_0012,bank_0103,93877.93,84957.54,8920.39,0.095021,1,0,0,0.318182,1,0
setl_0164,bank_0007,83359.17,75901.43,7457.74,0.089465,2,0,0,0.363636,1,0
setl_0214,bank_0133,74234.72,67202.68,7032.04,0.094727,2,0,0,0.227273,1,0
setl_0143,bank_0162,96916.49,88058.59,8857.9,0.091397,1,0,0,0.318182,1,0
setl_0092,bank_0156,70311.54,61093.35,9218.19,0.131105,2,0,0,0.318182,1,0
setl_0172,bank_0159,62884.07,74547.16,11663.09,0.18547,9,0,1,0.363636,1,0
setl_0139,bank_0039,69930.74,63018.81,6911.93,0.09884,0,0,0,0.227273,1,0
setl_0219,bank_0219,42696.02,42696.02,0.0,0.0,1,1,0,0.590909,1,1
setl_0016,bank_0164,81841.85,83359.17,1517.32,0.01854,7,0,0,0.363636,1,0
setl_0203,bank_0203,829.94,829.94,0.0,0.0,1,1,0,0.590909,1,1
setl_0077,bank_0077,59138.6,59138.6,0.0,0.0,1,1,0,0.590909,1,1
setl_0143,bank_0143,96916.49,96916.49,0.0,0.0,4,1,0,0.590909,1,1
setl_0083,bank_0187,17673.82,17731.52,57.7,0.003265,0,0,0,0.27907,1,0
setl_0193,bank_0108,44091.29,44727.91,636.62,0.014439,0,0,0,0.318182,1,0
setl_0129,bank_0129,59940.22,59940.22,0.0,0.0,1,1,0,0.590909,1,1
setl_0190,bank_0069,71305.52,65479.34,5826.18,0.081707,2,0,0,0.363636,1,0
setl_0218,bank_0150,41576.09,27575.49,14000.6,0.336746,0,0,1,0.318182,1,0
setl_0165,bank_0054,53510.23,53099.31,410.92,0.007679,2,0,0,0.272727,1,0
setl_0095,bank_0042,87777.38,94156.2,6378.82,0.07267,15,0,1,0.272727,1,0
setl_0175,bank_0018,92641.81,90305.28,2336.53,0.025221,5,0,0,0.318182,1,0
setl_0037,bank_0016,62358.9,81841.85,19482.95,0.312433,5,0,1,0.318182,1,0
setl_0152,bank_0101,60677.4,60726.97,49.57,0.000817,5,0,0,0.227273,1,0
setl_0023,bank_0178,51828.29,52242.28,413.99,0.007988,11,0,1,0.272727,1,0
setl_0122,bank_0041,86591.06,73097.21,13493.85,0.155834,1,0,0,0.363636,1,0
setl_0001,bank_0001,95390.37,95390.37,0.0,0.0,1,1,0,0.590909,1,1
setl_0215,bank_0016,66903.9,81841.85,14937.95,0.223275,1,0,1,0.227273,1,0
setl_0172,bank_0156,62884.07,61093.35,1790.72,0.028477,6,0,0,0.318182,1,0
setl_0213,bank_0123,20633.58,19345.41,1288.17,0.062431,15,0,1,0.318182,1,0
setl_0100,bank_split_0008,20861.76,20405.69,456.07,0.021862,2,0,0,0.232558,1,0
setl_0128,bank_0073,54897.11,54139.43,757.68,0.013802,2,0,0,0.227273,1,0
setl_0166,bank_0166,81829.15,81829.15,0.0,0.0,1,1,0,0.590909,1,1
setl_0143,bank_0095,96916.49,87777.38,9139.11,0.094299,11,0,1,0.227273,1,0
setl_0121,bank_0121,85446.72,85446.72,0.0,0.0,1,1,0,0.590909,1,1
setl_0099,bank_0114,86221.98,89715.54,3493.56,0.040518,0,0,0,0.272727,1,0
setl_0014,bank_0218,37523.05,41576.09,4053.04,0.108015,14,0,1,0.272727,1,0
setl_0087,bank_split_0001,63009.04,18902.71,44106.33,0.7,3,1,0,0.604651,1,1
setl_0114,bank_0181,89715.54,95951.8,6236.26,0.069511,4,0,0,0.272727,1,0
setl_0175,bank_0175,92641.81,92641.81,0.0,0.0,1,0,1,0.590909,1,1
setl_0156,bank_0035,61093.35,58554.71,2538.64,0.041553,5,0,0,0.318182,1,0
setl_0220,bank_0081,70888.59,70007.88,880.71,0.012424,6,0,0,0.318182,1,0
setl_0003,bank_0136,11614.28,10799.96,814.32,0.070114,1,0,1,0.272727,1,0
setl_0067,bank_0067,7803.39,7803.39,0.0,0.0,1,1,0,0.363636,1,1
setl_0127,bank_0127,67150.84,67150.84,0.0,0.0,1,1,0,0.590909,1,1
setl_0052,bank_0178,61018.17,52242.28,8775.89,0.143824,2,0,1,0.272727,1,0
setl_0206,bank_0154,88457.93,83898.15,4559.78,0.051547,0,0,0,0.272727,1,0
setl_0008,bank_0042,89834.66,94156.2,4321.54,0.048105,9,0,1,0.318182,1,0
setl_0159,bank_0190,74547.16,71305.52,3241.64,0.043484,2,0,0,0.181818,1,0
setl_0060,bank_0185,96928.2,95013.48,1914.72,0.019754,17,0,1,0.272727,1,0
setl_0073,bank_0217,54139.43,54428.82,289.39,0.005345,2,0,0,0.272727,1,0
setl_0088,bank_0180,35897.35,35660.08,237.27,0.00661,7,0,0,0.27907,1,0
setl_0080,bank_0218,47779.16,41576.09,6203.07,0.129828,12,0,1,0.272727,1,0
setl_0063,bank_0178,48987.94,52242.28,3254.34,0.066431,8,0,1,0.272727,1,0
setl_0115,bank_0160,85584.39,91994.46,6410.07,0.074898,2,0,0,0.272727,1,0
setl_0158,bank_0158,21446.63,21446.63,0.0,0.0,1,0,1,0.590909,1,1
setl_0028,bank_0028,51602.74,51602.74,0.0,0.0,1,0,1,0.590909,1,1
setl_0173,bank_0218,35021.85,41576.09,6554.24,0.187147,10,0,1,0.272727,1,0
setl_0186,bank_0186,67630.35,67630.35,0.0,0.0,1,1,0,0.466667,1,1
setl_0168,bank_0087,43203.02,44106.33,903.31,0.020908,3,0,0,0.27907,1,0
setl_0163,bank_0163,68667.28,68667.28,0.0,0.0,1,1,0,0.590909,1,1
setl_0090,bank_0117,71090.71,70612.27,478.44,0.00673,4,0,0,0.272727,1,0
setl_0167,bank_0167,94398.35,94398.35,0.0,0.0,1,1,0,0.466667,1,1
setl_0214,bank_0185,74234.72,95013.48,20778.76,0.279906,6,0,1,0.272727,1,0
setl_0116,bank_0019,79260.25,68845.96,10414.29,0.131394,0,0,0,0.318182,1,0
setl_0097,bank_split_0008,21284.54,20405.69,878.85,0.041291,6,0,0,0.325581,1,0
setl_0173,bank_0150,35021.85,27575.49,7446.36,0.21262,9,0,1,0.318182,1,0
setl_0071,bank_0071,15830.37,15830.37,0.0,0.0,1,1,0,0.590909,1,1
setl_0017,bank_0079,47863.13,45153.12,2710.01,0.05662,3,0,0,0.272727,1,0
setl_0207,bank_0159,70179.73,74547.16,4367.43,0.062232,0,0,1,0.318182,1,0
setl_0205,bank_0205,90963.38,90963.38,0.0,0.0,1,1,0,0.590909,1,1
setl_0217,bank_0128,54428.82,54897.11,468.29,0.008604,3,0,0,0.181818,1,0
setl_0128,bank_0128,54897.11,54897.11,0.0,0.0,1,1,0,0.590909,1,1
setl_0115,bank_0114,85584.39,89715.54,4131.15,0.04827,1,0,0,0.272727,1,0
setl_0212,bank_0160,94492.09,91994.46,2497.63,0.026432,4,0,0,0.272727,1,0
setl_0179,bank_0179,85460.39,85460.39,0.0,0.0,1,1,0,0.590909,1,1
setl_0041,bank_0041,73097.21,73097.21,0.0,0.0,1,1,0,0.590909,1,1
setl_0105,bank_0105,45427.01,45427.01,0.0,0.0,1,1,0,0.590909,1,1
setl_0037,bank_orphan_dup_0001,62358.9,66920.42,4561.52,0.073149,3,0,0,0.232558,1,0
setl_0007,bank_0090,75901.43,71091.46,4809.97,0.063371,0,0,0,0.363636,1,0
setl_0207,bank_0190,70179.73,71305.52,1125.79,0.016042,3,0,0,0.272727,1,0
setl_0209,bank_0107,37423.46,34462.04,2961.42,0.079133,3,0,0,0.318182,1,0
setl_0212,bank_0114,94492.09,89715.54,4776.55,0.05055,3,0,0,0.181818,1,0
setl_0191,bank_0136,13616.87,10799.96,2816.91,0.206869,8,0,1,0.272727,1,0
setl_0028,bank_0027,51602.74,69465.0,17862.26,0.346149,2,0,1,0.318182,1,0
setl_0024,bank_0024,73074.75,73074.75,0.0,0.0,1,1,0,0.590909,1,1
setl_0096,bank_0199,52495.17,55368.71,2873.54,0.054739,5,0,0,0.363636,1,0
setl_0007,bank_orphan_dup_0006,75901.43,70028.9,5872.53,0.07737,0,0,0,0.325581,1,0
setl_0205,bank_0162,90963.38,88058.59,2904.79,0.031934,3,0,0,0.318182,1,0
setl_0113,bank_0039,65388.53,63018.81,2369.72,0.036241,4,0,0,0.272727,1,0
setl_0048,bank_0145,28671.01,28569.46,101.55,0.003542,12,0,1,0.272727,1,0
setl_0160,bank_0141,91994.46,75237.48,16756.98,0.182152,0,0,0,0.318182,1,0
setl_0178,bank_0061,52242.28,52500.05,257.77,0.004934,6,0,0,0.272727,1,0
setl_0041,bank_0095,73097.21,87777.38,14680.17,0.200831,3,0,1,0.227273,1,0
setl_0031,bank_0022,49730.0,29800.7,19929.3,0.40075,0,0,1,0.363636,1,0
setl_0043,bank_0159,84921.41,74547.16,10374.25,0.122163,2,0,1,0.363636,1,0
setl_0051,bank_split_0001,17420.93,18902.71,1481.78,0.085057,2,0,0,0.325581,1,0
setl_0073,bank_0128,54139.43,54897.11,757.68,0.013995,4,0,0,0.227273,1,0
setl_0134,bank_0136,10403.54,10799.96,396.42,0.038104,14,0,1,0.272727,1,0
setl_0068,bank_0016,64841.75,81841.85,17000.1,0.262178,2,0,1,0.272727,1,0
setl_0170,bank_0170,58180.75,58180.75,0.0,0.0,1,1,0,0.590909,1,1
setl_0018,bank_0018,90305.28,90305.28,0.0,0.0,1,1,0,0.590909,1,1
setl_0035,bank_0029,58554.71,65696.1,7141.39,0.121961,1,0,0,0.318182,1,0
setl_0117,bank_0163,70612.27,68667.28,1944.99,0.027545,6,0,0,0.272727,1,0
setl_0204,bank_0064,37762.27,36993.84,768.43,0.020349,1,0,0,0.272727,1,0
setl_0059,bank_0059,83947.94,83947.94,0.0,0.0,1,1,0,0.590909,1,1
setl_0119,bank_0027,78127.62,69465.0,8662.62,0.110878,2,0,1,0.318182,1,0
setl_0114,bank_0115,89715.54,85584.39,4131.15,0.046047,3,0,0,0.181818,1,0
setl_0013,bank_0159,71137.57,74547.16,3409.59,0.04793,4,0,1,0.227273,1,0
setl_0160,bank_0099,91994.46,86221.98,5772.48,0.062748,3,0,0,0.272727,1,0
setl_0129,bank_0027,59940.22,69465.0,9524.78,0.158905,6,0,1,0.318182,1,0
setl_0141,bank_0117,75237.48,70612.27,4625.21,0.061475,3,0,0,0.318182,1,0
setl_0155,bank_0047,80005.24,75778.9,4226.34,0.052826,1,0,0,0.227273,1,0
setl_0150,bank_0086,27575.49,26543.43,1032.06,0.037427,3,0,0,0.318182,1,0
setl_0220,bank_0117,70888.59,70612.27,276.32,0.003898,1,0,0,0.318182,1,0
setl_0190,bank_0111,71305.52,67025.95,4279.57,0.060017,3,0,0,0.318182,1,0
setl_0064,bank_0076,36993.84,40951.19,3957.35,0.106973,1,0,0,0.318182,1,0
setl_0183,bank_0218,32661.56,41576.09,8914.53,0.272936,4,0,1,0.272727,1,0
setl_0024,bank_0185,73074.75,95013.48,21938.73,0.300223,1,0,1,0.318182,1,0
setl_0114,bank_0147,89715.54,83625.21,6090.33,0.067885,1,0,0,0.227273,1,0
setl_0093,bank_0071,16797.99,15830.37,967.62,0.057603,3,0,0,0.272727,1,0
setl_0075,bank_0095,86449.48,87777.38,1327.9,0.01536,11,0,1,0.227273,1,0
setl_0084,bank_0185,95501.68,95013.48,488.2,0.005112,15,0,1,0.318182,1,0
setl_0072,bank_0072,76573.19,76573.19,0.0,0.0,3,1,0,0.590909,1,1
setl_0084,bank_0012,95501.68,93877.93,1623.75,0.017002,7,0,0,0.318182,1,0
setl_0198,bank_0087,49167.6,44106.33,5061.27,0.102939,1,0,0,0.325581,1,0
setl_0056,bank_0158,22446.36,21446.63,999.73,0.044539,16,0,1,0.272727,1,0
setl_0073,bank_0031,54139.43,49730.0,4409.43,0.081446,1,0,0,0.272727,1,0
setl_0029,bank_0156,65696.1,61093.35,4602.75,0.070061,0,0,0,0.318182,1,0
setl_0110,bank_0110,6167.92,6167.92,0.0,0.0,1,1,0,0.571429,1,1
setl_0047,bank_0159,75778.4,74547.16,1231.24,0.016248,12,0,1,0.181818,1,0
setl_0008,bank_0033,89834.66,87732.47,2102.19,0.023401,1,0,0,0.272727,1,0
setl_0070,bank_0103,86900.58,84957.54,1943.04,0.022359,2,0,0,0.318182,1,0
setl_0087,bank_0087,63009.04,44106.33,18902.71,0.3,1,1,0,0.604651,1,1
setl_0170,bank_0052,58180.75,61018.92,2838.17,0.048782,3,0,0,0.181818,1,0
setl_0039,bank_0178,63018.81,52242.28,10776.53,0.171005,12,0,1,0.363636,1,0
setl_0166,bank_0182,81829.15,90438.07,8608.92,0.105206,0,0,0,0.272727,1,0
setl_0025,bank_0120,51120.4,57026.64,5906.24,0.115536,1,0,0,0.272727,1,0
setl_0035,bank_0061,58554.71,52500.05,6054.66,0.103402,2,0,0,0.272727,1,0
setl_0011,bank_split_0003,44506.26,22253.13,22253.13,0.5,2,1,0,0.604651,1,1
setl_0197,bank_0123,15646.81,19345.41,3698.6,0.23638,5,0,1,0.363636,1,0
setl_0044,bank_0133,68018.95,67202.68,816.27,0.012001,3,0,0,0.272727,1,0
setl_0021,bank_0078,28593.87,27766.61,827.26,0.028931,2,0,0,0.409091,1,0
setl_0042,bank_0042,94156.2,94156.2,0.0,0.0,1,0,1,0.590909,1,1
setl_0161,bank_0161,88871.93,88871.93,0.0,0.0,1,1,0,0.590909,1,1
setl_0162,bank_0185,88058.59,95013.48,6954.89,0.07898,10,0,1,0.227273,1,0
setl_0184,bank_0026,34592.28,34386.86,205.42,0.005938,2,0,0,0.318182,1,0
setl_0173,bank_0014,35021.85,37523.05,2501.2,0.071418,3,0,0,0.272727,1,0
setl_0162,bank_0018,88058.59,90305.28,2246.69,0.025514,3,0,0,0.272727,1,0
setl_0133,bank_0178,67202.68,52242.28,14960.4,0.222616,6,0,1,0.318182,1,0
setl_0121,bank_0164,85446.72,83359.17,2087.55,0.024431,0,0,0,0.318182,1,0
setl_0081,bank_orphan_dup_0001,70007.88,66920.42,3087.46,0.044102,5,0,0,0.27907,1,0
setl_0099,bank_0117,86221.98,70612.27,15609.71,0.181041,0,0,0,0.318182,1,0
setl_0219,bank_0079,42696.02,45153.12,2457.1,0.057549,3,0,0,0.272727,1,0
setl_0068,bank_0037,64841.75,62358.9,2482.85,0.038291,4,0,0,0.318182,1,0
setl_0185,bank_0175,95013.48,92641.81,2371.67,0.024961,4,0,1,0.272727,1,0
setl_0105,bank_0218,45427.01,41576.09,3850.92,0.084772,8,0,1,0.318182,1,0
setl_0015,bank_0015,13413.78,13413.78,0.0,0.0,1,1,0,0.363636,1,1
setl_0109,bank_0189,15287.49,14978.55,308.94,0.020209,4,0,0,0.272727,1,0
setl_0065,bank_0158,24790.8,21446.63,3344.17,0.134896,4,0,1,0.272727,1,0
setl_0114,bank_0182,89715.54,90438.07,722.53,0.008054,5,0,0,0.227273,1,0
setl_0182,bank_0143,90438.07,96916.49,6478.42,0.071634,3,0,0,0.272727,1,0
setl_0140,bank_0049,26958.4,29787.03,2828.63,0.104926,1,0,0,0.227273,1,0
setl_0213,bank_0213,20633.58,20633.58,0.0,0.0,1,1,0,0.590909,1,1
setl_0173,bank_0173,35021.85,35021.85,0.0,0.0,1,1,0,0.590909,1,1
setl_0096,bank_0096,52495.17,52495.17,0.0,0.0,1,1,0,0.590909,1,1
setl_0217,bank_0159,54428.82,74547.16,20118.34,0.369627,3,0,1,0.318182,1,0
setl_0022,bank_0022,29792.2,29800.7,8.5,0.000285,1,0,1,0.590909,1,1
setl_0023,bank_0218,51828.29,41576.09,10252.2,0.197811,3,0,1,0.272727,1,0
setl_0076,bank_0193,40951.19,44091.29,3140.1,0.076679,1,0,0,0.227273,1,0
setl_0129,bank_0068,59940.22,64841.75,4901.53,0.081774,4,0,0,0.318182,1,0
setl_0157,bank_0021,28382.97,28594.37,211.4,0.007448,0,0,0,0.181818,1,0
setl_0075,bank_orphan_dup_0004,86449.48,89855.54,3406.06,0.039399,5,0,0,0.325581,1,0
setl_0187,bank_0022,25330.75,29800.7,4469.95,0.176463,4,0,1,0.318182,1,0
setl_0064,bank_0145,36993.84,28569.46,8424.38,0.227724,5,0,1,0.272727,1,0
setl_0095,bank_0033,87777.38,87732.47,44.91,0.000512,7,0,0,0.363636,1,0
setl_0208,bank_0208,21721.97,21721.97,0.0,0.0,1,1,0,0.363636,1,1
setl_0194,bank_0194,15088.31,15088.31,0.0,0.0,1,1,0,0.590909,1,1
setl_0048,bank_0021,28671.01,28594.37,76.64,0.002673,3,0,0,0.181818,1,0
setl_0090,bank_0090,71090.71,71091.46,0.75,1.1e-05,1,1,0,0.590909,1,1
setl_0154,bank_0066,83898.15,74610.38,9287.77,0.110703,0,0,0,0.318182,1,0
setl_0066,bank_0066,74610.63,74610.38,0.25,3e-06,1,1,0,0.590909,1,1
setl_0216,bank_0056,23714.8,22446.36,1268.44,0.053487,3,0,0,0.227273,1,0
setl_0018,bank_0095,90305.28,87777.38,2527.9,0.027993,7,0,1,0.318182,1,0
setl_0083,bank_0083,17673.82,17673.82,0.0,0.0,1,1,0,0.590909,1,1
setl_0121,bank_0027,85446.72,69465.0,15981.72,0.187037,7,0,1,0.272727,1,0
setl_0097,bank_0202,21284.54,22732.54,1448.0,0.068031,1,0,0,0.272727,1,0
setl_0148,bank_0148,17854.45,17854.45,0.0,0.0,1,1,0,0.466667,1,1
setl_0073,bank_0073,54139.43,54139.43,0.0,0.0,1,1,0,0.590909,1,1
setl_0107,bank_0209,34462.04,37423.46,2961.42,0.085933,1,0,0,0.214286,1,0
setl_0068,bank_0215,64841.75,66903.9,2062.15,0.031803,0,0,0,0.272727,1,0
setl_0026,bank_0022,34386.86,29800.7,4586.16,0.13337,10,0,1,0.272727,1,0
setl_0181,bank_0181,95951.8,95951.8,0.0,0.0,1,1,0,0.590909,1,1
setl_0121,bank_0016,85446.72,81841.85,3604.87,0.042189,6,0,1,0.363636,1,0
setl_0210,bank_0016,88623.92,81841.85,6782.07,0.076526,0,0,1,0.318182,1,0
setl_0206,bank_0095,88457.93,87777.38,680.55,0.007693,18,0,1,0.318182,1,0
setl_0047,bank_0111,75778.4,67025.95,8752.45,0.115501,1,0,0,0.227273,1,0
setl_0147,bank_0099,83625.21,86221.98,2596.77,0.031052,2,0,0,0.409091,1,0
setl_0113,bank_0113,65388.53,65388.53,0.0,0.0,1,1,0,0.590909,1,1
setl_0061,bank_0020,52500.05,59647.3,7147.25,0.136138,0,0,0,0.272727,1,0
setl_0095,bank_0167,87777.38,94398.35,6620.97,0.075429,3,0,0,0.266667,1,0
setl_0167,bank_0159,94398.35,74547.16,19851.19,0.210292,8,0,1,0.227273,1,0
setl_0070,bank_0154,86900.58,83898.15,3002.43,0.03455,1,0,0,0.272727,1,0
setl_0064,bank_0204,36993.84,37762.27,768.43,0.020772,3,0,0,0.272727,1,0
setl_0206,bank_0103,88457.93,84957.54,3500.39,0.039571,3,0,0,0.227273,1,0
setl_0011,bank_0040,44506.26,39842.98,4663.28,0.104778,2,0,0,0.272727,1,0
setl_0122,bank_0122,86591.06,86591.06,0.0,0.0,1,1,0,0.466667,1,1
setl_0112,bank_0112,55685.07,55685.32,0.25,4e-06,1,1,0,0.590909,1,1
setl_0155,bank_0159,80005.24,74547.16,5458.08,0.068222,12,0,1,0.181818,1,0
setl_0132,bank_0180,33658.46,35660.08,2001.62,0.059469,4,0,0,0.325581,1,0
setl_0055,bank_0055,8244.72,8244.72,0.0,0.0,1,1,0,0.466667,1,1
setl_0100,bank_0097,20861.76,21284.54,422.78,0.020266,3,0,0,0.363636,1,0
setl_0103,bank_0059,84957.54,83947.94,1009.6,0.011884,4,0,0,0.227273,1,0
setl_0017,bank_0063,47863.13,48987.94,1124.81,0.023501,2,0,0,0.272727,1,0
setl_0118,bank_0104,37206.7,36143.4,1063.3,0.028578,5,0,0,0.272727,1,0
setl_0054,bank_0045,53099.56,56555.04,3455.48,0.065075,3,0,0,0.318182,1,0
setl_0102,bank_0102,45236.61,45236.61,0.0,0.0,1,1,0,0.590909,1,1
setl_0154,bank_0070,83898.15,86900.58,3002.43,0.035787,1,0,0,0.272727,1,0
setl_0179,bank_0095,85460.39,87777.38,2316.99,0.027112,12,0,1,0.318182,1,0
setl_0205,bank_0175,90963.38,92641.81,1678.43,0.018452,5,0,1,0.272727,1,0
setl_0105,bank_0044,45427.01,47613.26,2186.25,0.048127,1,0,0,0.27907,1,0
setl_0045,bank_0045,56555.04,56555.04,0.0,0.0,4,1,0,0.590909,1,1
setl_0070,bank_0159,86900.58,74547.16,12353.42,0.142156,6,0,1,0.318182,1,0
setl_0187,bank_split_0010,25330.75,7599.23,17731.52,0.7,2,1,0,0.604651,1,1
setl_0099,bank_0099,86221.98,86221.98,0.0,0.0,1,1,0,0.590909,1,1
setl_0005,bank_0005,65162.01,65162.01,0.0,0.0,1,1,0,0.590909,1,1
setl_0056,bank_0097,22446.36,21284.54,1161.82,0.05176,0,0,0,0.272727,1,0
setl_0066,bank_0047,74610.63,75778.9,1168.27,0.015658,4,0,0,0.227273,1,0
setl_0018,bank_0162,90305.28,88058.59,2246.69,0.024879,5,0,0,0.272727,1,0
setl_0095,bank_0175,87777.38,92641.81,4864.43,0.055418,5,0,1,0.363636,1,0
setl_0069,bank_0190,65479.34,71305.52,5826.18,0.088977,4,0,0,0.363636,1,0
setl_0118,bank_0150,37206.7,27575.49,9631.21,0.258857,4,0,1,0.272727,1,0
setl_0017,bank_0061,47863.13,52500.05,4636.92,0.096879,2,0,0,0.318182,1,0
setl_0109,bank_0194,15287.49,15088.31,199.18,0.013029,3,0,0,0.227273,1,0
setl_0078,bank_0050,27766.86,30947.0,3180.14,0.11453,2,0,0,0.318182,1,0
setl_0032,bank_0145,32663.51,28569.46,4094.05,0.12534,4,0,1,0.318182,1,0
setl_0167,bank_0042,94398.35,94156.2,242.15,0.002565,11,0,1,0.272727,1,0
setl_0001,bank_0012,95390.37,93877.93,1512.44,0.015855,3,0,0,0.227273,1,0
setl_0059,bank_0042,83947.94,94156.2,10208.26,0.121602,5,0,1,0.318182,1,0
setl_0144,bank_0144,96153.92,96153.92,0.0,0.0,1,1,0,0.363636,1,1
setl_0120,bank_0120,57026.64,57026.64,0.0,0.0,3,1,0,0.590909,1,1
setl_0219,bank_0017,42696.02,47863.13,5167.11,0.121021,1,0,0,0.272727,1,0
setl_0205,bank_0018,90963.38,90305.28,658.1,0.007235,1,0,0,0.272727,1,0
setl_0209,bank_0192,37423.46,36876.68,546.78,0.014611,2,0,0,0.227273,1,0
setl_0125,bank_0165,53527.22,53510.23,16.99,0.000317,4,0,0,0.318182,1,0
setl_0049,bank_0049,29787.03,29787.03,0.0,0.0,1,1,0,0.590909,1,1
setl_0061,bank_0017,52500.05,47863.13,4636.92,0.088322,0,0,0,0.272727,1,0
setl_0043,bank_0042,84921.41,94156.2,9234.79,0.108745,5,0,1,0.181818,1,0
setl_0032,bank_split_0007,32663.51,35660.08,2996.57,0.091741,4,0,0,0.325581,1,0
setl_0138,bank_0138,8707.54,8707.54,0.0,0.0,1,1,0,0.590909,1,1
setl_0084,bank_0095,95501.68,87777.38,7724.3,0.080881,14,0,1,0.318182,1,0
setl_0206,bank_0012,88457.93,93877.93,5420.0,0.061272,3,0,0,0.409091,1,0
setl_0204,bank_0145,37762.27,28569.46,9192.81,0.243439,3,0,1,0.272727,1,0
setl_0133,bank_0113,67202.68,65388.53,1814.15,0.026995,4,0,0,0.272727,1,0
setl_0127,bank_0159,67150.84,74547.16,7396.32,0.110145,4,0,1,0.227273,1,0
setl_0019,bank_0019,68845.96,68845.96,0.0,0.0,1,1,0,0.590909,1,1
setl_0178,bank_0137,52242.28,49508.61,2733.67,0.052327,2,0,0,0.318182,1,0
setl_0035,bank_0035,58554.71,58554.71,0.0,0.0,1,1,0,0.590909,1,1
setl_0128,bank_0178,54897.11,52242.28,2654.83,0.04836,16,0,1,0.272727,1,0
setl_0013,bank_0069,71137.57,65479.34,5658.23,0.079539,2,0,0,0.227273,1,0
setl_0008,bank_0175,89834.66,92641.81,2807.15,0.031248,11,0,1,0.181818,1,0
setl_0087,bank_0028,63009.04,51602.74,11406.3,0.181026,11,0,1,0.272727,1,0
setl_0212,bank_0115,94492.09,85584.39,8907.7,0.094269,1,0,0,0.318182,1,0
setl_0148,bank_0093,17854.45,16797.99,1056.46,0.059171,2,0,0,0.181818,1,0
setl_0063,bank_0219,48987.94,42696.02,6291.92,0.128438,0,0,0,0.318182,1,0
setl_0038,bank_0038,21162.49,21162.49,0.0,0.0,1,1,0,0.590909,1,1
setl_0169,bank_0169,34836.98,34836.98,0.0,0.0,1,1,0,0.590909,1,1
setl_0175,bank_0095,92641.81,87777.38,4864.43,0.052508,3,0,1,0.363636,1,0
setl_0068,bank_0120,64841.75,57026.64,7815.11,0.120526,1,0,0,0.227273,1,0
setl_0056,bank_0100,22446.36,20861.76,1584.6,0.070595,4,0,0,0.285714,1,0
setl_0161,bank_0176,88871.93,97516.97,8645.04,0.097275,0,0,0,0.181818,1,0
setl_0070,bank_0095,86900.58,87777.38,876.8,0.01009,19,0,1,0.363636,1,0
setl_0149,bank_0149,6922.68,6922.93,0.25,3.6e-05,1,1,0,0.590909,1,1
setl_0207,bank_0013,70179.73,71137.57,957.84,0.013648,3,0,0,0.318182,1,0
setl_0172,bank_0029,62884.07,65696.1,2812.03,0.044718,2,0,0,0.318182,1,0
setl_0154,bank_0042,83898.15,94156.2,10258.05,0.122268,3,0,1,0.318182,1,0
setl_0162,bank_0179,88058.59,85460.39,2598.2,0.029505,2,0,0,0.318182,1,0
setl_0174,bank_0091,1786.81,1725.3,61.51,0.034424,1,0,0,0.227273,1,0
setl_0070,bank_0012,86900.58,93877.93,6977.35,0.080291,2,0,0,0.318182,1,0
setl_0114,bank_0160,89715.54,91994.46,2278.92,0.025402,0,0,0,0.272727,1,0
setl_0106,bank_0030,15249.42,14520.04,729.38,0.04783,4,0,0,0.272727,1,0
setl_0101,bank_0077,60726.22,59138.6,1587.62,0.026144,2,0,0,0.227273,1,0
setl_0042,bank_0084,94156.2,95501.68,1345.48,0.01429,4,0,0,0.272727,1,0
setl_0017,bank_0017,47863.13,47863.13,0.0,0.0,1,1,0,0.590909,1,1
setl_0123,bank_0123,19345.41,19345.41,0.0,0.0,1,0,1,0.590909,1,1
setl_0205,bank_0185,90963.38,95013.48,4050.1,0.044525,8,0,1,0.272727,1,0
setl_0011,bank_0218,44506.26,41576.09,2930.17,0.065837,2,0,1,0.272727,1,0
setl_0076,bank_orphan_dup_0003,40951.19,37010.92,3940.27,0.096219,1,0,0,0.27907,1,0
setl_0113,bank_0005,65388.53,65162.01,226.52,0.003464,8,0,0,0.318182,1,0
setl_0183,bank_0183,32661.56,32661.56,0.0,0.0,1,1,0,0.590909,1,1
setl_0111,bank_0111,67025.95,67025.95,0.0,0.0,3,1,0,0.590909,1,1
setl_0160,bank_0212,91994.46,94492.09,2497.63,0.02715,6,0,0,0.272727,1,0
setl_0181,bank_0115,95951.8,85584.39,10367.41,0.108048,0,0,0,0.272727,1,0
setl_0124,bank_0052,61295.46,61018.92,276.54,0.004512,1,0,0,0.227273,1,0
setl_0174,bank_0174,1786.81,1786.56,0.25,0.00014,1,1,0,0.590909,1,1
setl_0200,bank_0022,27080.45,29800.7,2720.25,0.100451,4,0,1,0.272727,1,0
setl_0059,bank_0012,83947.94,93877.93,9929.99,0.118287,0,0,0,0.227273,1,0
setl_0075,bank_0008,86449.48,89834.66,3385.18,0.039158,5,0,0,0.318182,1,0
setl_0204,bank_0132,37762.27,33658.46,4103.81,0.108675,2,0,0,0.318182,1,0
setl_0039,bank_0023,63018.81,51828.29,11190.52,0.177574,0,0,0,0.318182,1,0
setl_0151,bank_0023,49007.47,51828.29,2820.82,0.057559,2,0,0,0.181818,1,0
setl_0112,bank_0045,55685.07,56555.04,869.97,0.015623,5,0,0,0.272727,1,0
setl_0087,bank_0016,63009.04,81841.85,18832.81,0.298891,5,0,1,0.272727,1,0
setl_0042,bank_0159,94156.2,74547.16,19609.04,0.208261,4,0,1,0.318182,1,0
setl_0044,bank_split_0008,68018.95,20405.69,47613.26,0.7,3,1,0,0.604651,1,1
setl_0024,bank_0175,73074.75,92641.81,19567.06,0.267768,4,0,1,0.227273,1,0
setl_0152,bank_0152,60677.4,60677.4,0.0,0.0,5,1,0,0.590909,1,1
setl_0117,bank_0090,70612.27,71091.46,479.19,0.006786,6,0,0,0.272727,1,0
setl_0165,bank_0165,53510.23,53510.23,0.0,0.0,1,1,0,0.590909,1,1
setl_0016,bank_0016,81841.85,81841.85,0.0,0.0,1,0,1,0.590909,1,1
setl_0139,bank_0218,69930.74,41576.09,28354.65,0.405468,1,0,1,0.318182,1,0
setl_0047,bank_0047,75778.4,75778.9,0.5,7e-06,1,1,0,0.590909,1,1
setl_0184,bank_0184,34592.28,34592.28,0.0,0.0,1,1,0,0.590909,1,1
setl_0217,bank_0073,54428.82,54139.43,289.39,0.005317,0,0,0,0.272727,1,0
setl_0042,bank_0185,94156.2,95013.48,857.28,0.009105,18,0,1,0.272727,1,0
setl_0131,bank_0164,85923.2,83359.17,2564.03,0.029841,6,0,0,0.363636,1,0
setl_0066,bank_0013,74610.63,71137.57,3473.06,0.046549,4,0,0,0.318182,1,0
setl_0112,bank_0151,55685.07,49007.47,6677.6,0.119917,2,0,0,0.363636,1,0
setl_0113,bank_0178,65388.53,52242.28,13146.25,0.201048,9,0,1,0.318182,1,0
setl_0048,bank_0006,28671.01,25935.14,2735.87,0.095423,3,0,1,0.272727,1,0
setl_0164,bank_0210,83359.17,88623.92,5264.75,0.063157,4,0,0,0.318182,1,0
setl_0118,bank_0085,37206.7,36546.65,660.05,0.01774,3,0,0,0.227273,1,0
setl_0045,bank_0151,56555.04,49007.47,7547.57,0.133455,1,0,0,0.363636,1,0
setl_0216,bank_0216,23714.8,23714.8,0.0,0.0,1,1,0,0.590909,1,1
setl_0026,bank_0026,34386.86,34386.86,0.0,0.0,4,1,0,0.590909,1,1
setl_0103,bank_0001,84957.54,95390.37,10432.83,0.122801,1,0,0,0.272727,1,0
setl_0133,bank_0170,67202.68,58180.75,9021.93,0.13425,1,0,0,0.272727,1,0
setl_0020,bank_0178,59647.3,52242.28,7405.02,0.124147,9,0,1,0.227273,1,0
setl_0115,bank_0131,85584.39,85923.2,338.81,0.003959,7,0,0,0.272727,1,0
setl_0176,bank_0027,97516.97,69465.0,28051.97,0.287662,1,0,1,0.363636,1,0
setl_0220,bank_0220,70888.59,49622.01,21266.58,0.3,1,1,0,0.604651,1,1
setl_0037,bank_0037,62358.9,62358.9,0.0,0.0,1,1,0,0.590909,1,1
setl_0146,bank_split_0009,4202.43,4085.06,117.37,0.027929,2,0,0,0.27907,1,0
setl_0147,bank_0114,83625.21,89715.54,6090.33,0.072829,1,0,0,0.272727,1,0
setl_0099,bank_0131,86221.98,85923.2,298.78,0.003465,8,0,0,0.318182,1,0
setl_0043,bank_0095,84921.41,87777.38,2855.97,0.033631,11,0,1,0.272727,1,0
setl_0057,bank_0145,23970.62,28569.46,4598.84,0.191853,9,0,1,0.318182,1,0
setl_0016,bank_0007,81841.85,75901.43,5940.42,0.072584,4,0,0,0.272727,1,0
setl_0084,bank_0060,95501.68,96928.2,1426.52,0.014937,1,0,0,0.181818,1,0
setl_0032,bank_0032,32663.51,32663.51,0.0,0.0,1,1,0,0.590909,1,1
setl_0025,bank_0198,51120.4,49167.6,1952.8,0.0382,4,0,0,0.272727,1,0
setl_0066,bank_0190,74610.63,71305.52,3305.11,0.044298,4,0,0,0.272727,1,0
setl_0187,bank_0187,25330.75,17731.52,7599.23,0.3,1,1,0,0.604651,1,1
setl_0096,bank_0198,52495.17,49167.6,3327.57,0.063388,4,0,0,0.272727,1,0
setl_0115,bank_0212,85584.39,94492.09,8907.7,0.104081,3,0,0,0.318182,1,0
setl_0085,bank_0150,36546.65,27575.49,8971.16,0.245471,8,0,1,0.318182,1,0
setl_0137,bank_0063,49508.36,48987.94,520.42,0.010512,7,0,0,0.318182,1,0
setl_0044,bank_0124,68018.95,61295.46,6723.49,0.098847,1,0,0,0.181818,1,0
setl_0016,bank_0081,81841.85,70007.88,11833.97,0.144596,1,0,0,0.318182,1,0
setl_0087,bank_orphan_dup_0001,63009.04,66920.42,3911.38,0.062076,3,0,0,0.325581,1,0
setl_0136,bank_0109,10799.96,10701.24,98.72,0.009141,3,0,0,0.372093,1,0
setl_0155,bank_0155,80005.24,32002.1,48003.14,0.6,1,1,0,0.604651,1,1
setl_0063,bank_0061,48987.94,52500.05,3512.11,0.071693,1,0,0,0.318182,1,0
setl_0129,bank_0025,59940.22,51120.4,8819.82,0.147144,2,0,0,0.357143,1,0
setl_0156,bank_0156,61093.35,61093.35,0.0,0.0,1,1,0,0.590909,1,1
setl_0080,bank_0044,47779.16,47613.26,165.9,0.003472,3,0,0,0.186047,1,0
setl_0085,bank_0135,36546.65,35261.71,1284.94,0.035159,3,0,0,0.318182,1,0
setl_0204,bank_0076,37762.27,40951.19,3188.92,0.084447,1,0,0,0.227273,1,0
setl_0154,bank_0012,83898.15,93877.93,9979.78,0.118951,2,0,0,0.272727,1,0
setl_0147,bank_0147,83625.21,83625.21,0.0,0.0,1,1,0,0.590909,1,1
setl_0084,bank_0075,95501.68,86449.48,9052.2,0.094786,4,0,0,0.409091,1,0
setl_0101,bank_0111,60726.22,67025.95,6299.73,0.10374,1,0,0,0.272727,1,0
setl_0193,bank_0076,44091.29,40951.19,3140.1,0.071218,3,0,0,0.272727,1,0
setl_0108,bank_0108,44727.91,44727.91,0.0,0.0,1,1,0,0.590909,1,1
setl_0217,bank_0217,54428.82,54428.82,0.0,0.0,1,1,0,0.590909,1,1
setl_0202,bank_0100,22732.54,20861.76,1870.78,0.082295,5,0,0,0.428571,1,0
setl_0016,bank_0115,81841.85,85584.39,3742.54,0.045729,4,0,0,0.318182,1,0
setl_0100,bank_0100,20861.76,20861.76,0.0,0.0,1,1,0,0.571429,1,1
setl_0160,bank_0016,91994.46,81841.85,10152.61,0.110361,9,0,1,0.227273,1,0
setl_0024,bank_0178,73074.75,52242.28,20832.47,0.285084,2,0,1,0.272727,1,0
setl_0207,bank_0152,70179.73,60677.4,9502.33,0.1354,1,0,0,0.318182,1,0
setl_0012,bank_0001,93877.93,95390.37,1512.44,0.016111,1,0,0,0.272727,1,0
setl_0090,bank_0215,71090.71,66903.9,4186.81,0.058894,5,0,0,0.318182,1,0
setl_0107,bank_0192,34462.04,36876.68,2414.64,0.070067,0,0,0,0.272727,1,0
setl_0115,bank_0115,85584.39,85584.39,0.0,0.0,1,1,0,0.590909,1,1
setl_0051,bank_split_0005,17420.93,5226.28,12194.65,0.7,2,1,0,0.604651,1,1
setl_0146,bank_0146,4202.43,4202.18,0.25,5.9e-05,1,1,0,0.590909,1,1
setl_0220,bank_0016,70888.59,81841.85,10953.26,0.154514,8,0,1,0.318182,1,0
setl_0099,bank_0182,86221.98,90438.07,4216.09,0.048898,6,0,0,0.318182,1,0
setl_0198,bank_0198,49167.6,49167.6,0.0,0.0,1,1,0,0.590909,1,1
setl_0184,bank_0135,34592.28,35261.71,669.43,0.019352,7,0,0,0.318182,1,0
setl_0033,bank_0084,87732.47,95501.68,7769.21,0.088556,0,0,0,0.318182,1,0
setl_0207,bank_0092,70179.73,70311.54,131.81,0.001878,6,0,0,0.242424,1,0
setl_0143,bank_0018,96916.49,90305.28,6611.21,0.068216,3,0,0,0.227273,1,0
setl_0009,bank_0009,16210.46,16210.46,0.0,0.0,1,1,0,0.590909,1,1
setl_0154,bank_0154,83898.15,83898.15,0.0,0.0,1,1,0,0.590909,1,1
setl_0036,bank_0036,23351.58,23351.58,0.0,0.0,5,1,0,0.590909,1,1
setl_0129,bank_0028,59940.22,51602.74,8337.48,0.139097,9,0,1,0.227273,1,0
setl_0180,bank_0081,71320.16,70007.88,1312.28,0.0184,3,0,0,0.318182,1,0
setl_0167,bank_0185,94398.35,95013.48,615.13,0.006516,6,0,1,0.363636,1,0
setl_0124,bank_0178,61295.46,52242.28,9053.18,0.147697,2,0,1,0.272727,1,0
setl_0132,bank_0064,33658.46,36993.84,3335.38,0.099095,2,0,0,0.318182,1,0
setl_0102,bank_0076,45236.61,40951.19,4285.42,0.094733,1,0,0,0.227273,1,0
setl_0042,bank_0070,94156.2,86900.58,7255.62,0.077059,1,0,0,0.227273,1,0
setl_0188,bank_0011,23452.15,22253.13,1199.02,0.051126,0,0,0,0.325581,1,0
setl_0087,bank_0037,63009.04,62358.9,650.14,0.010318,1,0,0,0.227273,1,0
setl_0043,bank_0008,84921.41,89834.66,4913.25,0.057856,5,0,0,0.318182,1,0
setl_0089,bank_0009,17229.55,16210.46,1019.09,0.059148,6,0,0,0.409091,1,0
setl_0180,bank_0007,71320.16,75901.43,4581.27,0.064235,2,0,0,0.227273,1,0
setl_0007,bank_0016,75901.43,81841.85,5940.42,0.078265,2,0,1,0.272727,1,0
setl_0195,bank_0126,63421.09,63757.94,336.85,0.005311,1,0,0,0.227273,1,0
setl_0018,bank_0185,90305.28,95013.48,4708.2,0.052136,6,0,1,0.272727,1,0
setl_0097,bank_0158,21284.54,21446.63,162.09,0.007615,15,0,1,0.318182,1,0
setl_0145,bank_0145,28569.46,28569.46,0.0,0.0,1,0,1,0.590909,1,1
setl_0009,bank_0123,16210.46,19345.41,3134.95,0.193391,9,0,1,0.318182,1,0
setl_0108,bank_0102,44727.91,45236.61,508.7,0.011373,4,0,0,0.272727,1,0
setl_0035,bank_0020,58554.71,59647.3,1092.59,0.018659,1,0,0,0.227273,1,0
setl_0099,bank_0166,86221.98,81829.15,4392.83,0.050948,5,0,0,0.272727,1,0
setl_0122,bank_0018,86591.06,90305.28,3714.22,0.042894,5,0,0,0.272727,1,0
setl_0099,bank_0147,86221.98,83625.21,2596.77,0.030117,0,0,0,0.318182,1,0
setl_0042,bank_0206,94156.2,88457.93,5698.27,0.060519,0,0,0,0.272727,1,0
setl_0005,bank_0095,65162.01,87777.38,22615.37,0.347064,2,0,1,0.272727,1,0
setl_0087,bank_0215,63009.04,66903.9,3894.86,0.061814,3,0,0,0.318182,1,0
setl_0114,bank_0099,89715.54,86221.98,3493.56,0.03894,2,0,0,0.272727,1,0
setl_0037,bank_0129,62358.9,59940.22,2418.68,0.038786,3,0,0,0.181818,1,0
setl_0142,bank_0142,1241.98,1241.98,0.0,0.0,1,1,0,0.590909,1,1
setl_0141,bank_0141,75237.48,75237.48,0.0,0.0,1,1,0,0.590909,1,1
setl_0141,bank_0166,75237.48,81829.15,6591.67,0.087612,2,0,0,0.272727,1,0
setl_0033,bank_0095,87732.47,87777.38,44.91,0.000512,13,0,1,0.363636,1,0
setl_0100,bank_0202,20861.76,22732.54,1870.78,0.089675,3,0,0,0.318182,1,0
setl_0044,bank_0005,68018.95,65162.01,2856.94,0.042002,3,0,0,0.227273,1,0
setl_0091,bank_0082,1725.3,1489.26,236.04,0.136811,3,0,0,0.363636,1,0
setl_0057,bank_split_0011,23970.62,21266.58,2704.04,0.112806,0,0,0,0.372093,1,0
setl_0176,bank_0144,97516.97,96153.92,1363.05,0.013978,2,0,0,0.181818,1,0
setl_0069,bank_0159,65479.34,74547.16,9067.82,0.138484,7,0,1,0.363636,1,0
setl_0214,bank_0178,74234.72,52242.28,21992.44,0.296255,5,0,1,0.363636,1,0
setl_0036,bank_0145,23351.58,28569.46,5217.88,0.223449,1,0,1,0.318182,1,0
setl_0180,bank_0180,71320.16,35660.08,35660.08,0.5,1,1,0,0.604651,1,1
setl_0119,bank_0119,78127.62,78127.62,0.0,0.0,1,1,0,0.590909,1,1
setl_0033,bank_0060,87732.47,96928.2,9195.73,0.104816,2,0,0,0.272727,1,0
setl_0059,bank_0154,83947.94,83898.15,49.79,0.000593,3,0,0,0.318182,1,0
setl_0139,bank_0139,69930.74,69930.74,0.0,0.0,1,1,0,0.590909,1,1
setl_0093,bank_0148,16797.99,17854.45,1056.46,0.062892,0,0,0,0.2,1,0
setl_0090,bank_0007,71090.71,75901.43,4810.72,0.06767,6,0,0,0.363636,1,0
setl_0133,bank_0214,67202.68,74234.72,7032.04,0.104639,0,0,0,0.227273,1,0
setl_0189,bank_0189,14978.55,14978.55,0.0,0.0,1,1,0,0.590909,1,1
setl_0021,bank_orphan_dup_0005,28593.87,28422.4,171.47,0.005997,2,0,0,0.27907,1,0
setl_0100,bank_0056,20861.76,22446.36,1584.6,0.075957,2,0,0,0.272727,1,0
setl_0215,bank_orphan_dup_0006,66903.9,70028.9,3125.0,0.046709,3,0,0,0.27907,1,0
setl_0021,bank_0145,28593.87,28569.46,24.41,0.000854,8,0,1,0.318182,1,0
setl_0097,bank_0123,21284.54,19345.41,1939.13,0.091105,4,0,1,0.272727,1,0
setl_0108,bank_0054,44727.91,53099.31,8371.4,0.187163,0,0,0,0.363636,1,0
setl_0123,bank_0158,19345.41,21446.63,2101.22,0.108616,10,0,1,0.318182,1,0
setl_0118,bank_0118,37206.7,37206.95,0.25,7e-06,1,1,0,0.590909,1,1
setl_0177,bank_0177,2694.86,2694.86,0.0,0.0,1,1,0,0.590909,1,1
setl_0193,bank_0193,44091.29,44091.29,0.0,0.0,1,1,0,0.590909,1,1
setl_0185,bank_0042,95013.48,94156.2,857.28,0.009023,16,0,1,0.318182,1,0
setl_0159,bank_0013,74547.16,71137.57,3409.59,0.045737,2,0,0,0.227273,1,0
setl_0122,bank_0095,86591.06,87777.38,1186.32,0.0137,3,0,1,0.272727,1,0
setl_0044,bank_0178,68018.95,52242.28,15776.67,0.231945,4,0,1,0.272727,1,0
setl_0152,bank_0069,60677.4,65479.34,4801.94,0.079139,2,0,0,0.227273,1,0
setl_0022,bank_0155,29792.2,32002.1,2209.9,0.074177,4,0,0,0.325581,1,0
setl_0031,bank_0073,49730.0,54139.43,4409.43,0.088667,3,0,0,0.272727,1,0
setl_0005,bank_0172,65162.01,62884.07,2277.94,0.034958,5,0,0,0.285714,1,0
setl_0051,bank_0051,17420.93,12194.65,5226.28,0.3,1,1,0,0.604651,1,1
setl_0125,bank_0125,53527.22,53527.22,0.0,0.0,1,1,0,0.590909,1,1
setl_0018,bank_0201,90305.28,85008.31,5296.97,0.058656,0,0,0,0.272727,1,0
setl_0107,bank_0006,34462.04,25935.14,8526.9,0.247429,2,0,1,0.227273,1,0
setl_0012,bank_0070,93877.93,86900.58,6977.35,0.074324,4,0,0,0.318182,1,0
setl_0084,bank_0206,95501.68,88457.93,7043.75,0.073755,3,0,0,0.272727,1,0
setl_0190,bank_0066,71305.52,74610.38,3304.86,0.046348,2,0,0,0.272727,1,0
setl_0216,bank_0100,23714.8,20861.76,2853.04,0.120306,0,0,0,0.285714,1,0
setl_0006,bank_0078,25935.14,27766.61,1831.47,0.070617,2,0,0,0.181818,1,0
setl_0210,bank_0210,88623.92,88623.92,0.0,0.0,1,1,0,0.590909,1,1
setl_0180,bank_orphan_dup_0006,71320.16,70028.9,1291.26,0.018105,3,0,0,0.325581,1,0
setl_0002,bank_0002,18345.58,18345.58,0.0,0.0,1,1,0,0.590909,1,1
setl_0129,bank_0120,59940.22,57026.64,2913.58,0.048608,4,0,0,0.272727,1,0
setl_0170,bank_0124,58180.75,61295.46,3114.71,0.053535,3,0,0,0.363636,1,0
setl_0078,bank_0078,27766.86,27766.61,0.25,9e-06,1,1,0,0.590909,1,1
setl_0193,bank_0102,44091.29,45236.61,1145.32,0.025976,3,0,0,0.181818,1,0
setl_0087,bank_0068,63009.04,64841.75,1832.71,0.029086,2,0,0,0.318182,1,0
setl_0076,bank_0102,40951.19,45236.61,4285.42,0.104647,1,0,0,0.227273,1,0
setl_0163,bank_0113,68667.28,65388.53,3278.75,0.047748,5,0,0,0.318182,1,0
setl_0037,bank_0027,62358.9,69465.0,7106.1,0.113955,8,0,1,0.272727,1,0
setl_0054,bank_0108,53099.56,44727.91,8371.65,0.157659,2,0,0,0.363636,1,0
setl_0035,bank_0152,58554.71,60677.4,2122.69,0.036251,5,0,0,0.363636,1,0
setl_0075,bank_0185,86449.48,95013.48,8564.0,0.099064,12,0,1,0.181818,1,0
setl_0180,bank_0016,71320.16,81841.85,10521.69,0.147528,1,0,1,0.363636,1,0
setl_0005,bank_0041,65162.01,73097.21,7935.2,0.121776,2,0,0,0.318182,1,0
setl_0096,bank_0027,52495.17,69465.0,16969.83,0.323265,1,0,1,0.272727,1,0
setl_0037,bank_0028,62358.9,51602.74,10756.16,0.172488,11,0,1,0.318182,1,0
setl_0037,bank_0120,62358.9,57026.64,5332.26,0.085509,2,0,0,0.318182,1,0
setl_0109,bank_0109,15287.49,10701.24,4586.25,0.3,1,1,0,0.604651,1,1
setl_0078,bank_0021,27766.86,28594.37,827.51,0.029802,4,0,0,0.363636,1,0
setl_0137,bank_0178,49508.36,52242.28,2733.92,0.055221,0,0,1,0.318182,1,0
setl_0076,bank_0145,40951.19,28569.46,12381.73,0.302353,5,0,1,0.363636,1,0
setl_0052,bank_0124,61018.17,61295.46,277.29,0.004544,1,0,0,0.227273,1,0
setl_0064,bank_0132,36993.84,33658.46,3335.38,0.09016,0,0,0,0.318182,1,0
setl_0196,bank_0158,19905.87,21446.63,1540.76,0.077402,9,0,1,0.272727,1,0
setl_0181,bank_0114,95951.8,89715.54,6236.26,0.064994,2,0,0,0.272727,1,0
setl_0057,bank_0188,23970.62,23452.15,518.47,0.021629,7,0,0,0.363636,1,0
setl_0024,bank_0041,73074.75,73097.21,22.46,0.000307,4,0,0,0.318182,1,0
setl_0019,bank_0172,68845.96,62884.07,5961.89,0.086598,3,0,0,0.285714,1,0
setl_0086,bank_0150,26543.43,27575.49,1032.06,0.038882,1,0,1,0.318182,1,0
setl_0195,bank_0045,63421.09,56555.04,6866.05,0.108261,0,0,0,0.272727,1,0
setl_0016,bank_orphan_dup_0006,81841.85,70028.9,11812.95,0.144339,1,0,0,0.325581,1,0
setl_0159,bank_0066,74547.16,74610.38,63.22,0.000848,5,0,0,0.363636,1,0
setl_0104,bank_0150,36143.4,27575.49,8567.91,0.237053,0,0,1,0.318182,1,0
setl_0143,bank_0205,96916.49,90963.38,5953.11,0.061425,1,0,0,0.318182,1,0
setl_0032,bank_0006,32663.51,25935.14,6728.37,0.20599,5,0,1,0.272727,1,0
setl_0113,bank_0170,65388.53,58180.75,7207.78,0.11023,2,0,0,0.272727,1,0
setl_0072,bank_0119,76573.19,78127.62,1554.43,0.0203,1,0,0,0.181818,1,0
setl_0161,bank_0027,88871.93,69465.0,19406.93,0.21837,3,0,1,0.318182,1,0
setl_0021,bank_0006,28593.87,25935.14,2658.73,0.092983,1,0,1,0.272727,1,0
setl_0190,bank_0013,71305.52,71137.57,167.95,0.002355,5,0,0,0.318182,1,0
setl_0179,bank_0201,85460.39,85008.31,452.08,0.00529,5,0,0,0.227273,1,0
setl_0125,bank_0054,53527.22,53099.31,427.91,0.007994,3,0,0,0.318182,1,0
setl_0070,bank_0059,86900.58,83947.94,2952.64,0.033977,1,0,0,0.272727,1,0
setl_0131,bank_0147,85923.2,83625.21,2297.99,0.026745,7,0,0,0.318182,1,0
setl_0122,bank_0185,86591.06,95013.48,8422.42,0.097267,2,0,1,0.227273,1,0
setl_0172,bank_0178,62884.07,52242.28,10641.79,0.169229,6,0,1,0.318182,1,0
setl_0206,bank_0159,88457.93,74547.16,13910.77,0.157259,5,0,1,0.227273,1,0
setl_0215,bank_0215,66903.9,66903.9,0.0,0.0,1,1,0,0.590909,1,1
setl_0141,bank_0139,75237.48,69930.74,5306.74,0.070533,6,0,0,0.363636,1,0
setl_0013,bank_0207,71137.57,70179.73,957.84,0.013465,5,0,0,0.318182,1,0
setl_0129,bank_0037,59940.22,62358.9,2418.68,0.040352,1,0,0,0.272727,1,0
setl_0111,bank_0077,67025.95,59138.6,7887.35,0.117676,2,0,0,0.318182,1,0
setl_0131,bank_0210,85923.2,88623.92,2700.72,0.031432,1,0,0,0.363636,1,0
setl_0018,bank_0205,90305.28,90963.38,658.1,0.007288,3,0,0,0.272727,1,0
setl_0128,bank_0217,54897.11,54428.82,468.29,0.00853,1,0,0,0.272727,1,0
setl_0163,bank_0218,68667.28,41576.09,27091.19,0.394528,1,0,1,0.272727,1,0
setl_0156,bank_0152,61093.35,60677.4,415.95,0.006808,1,0,0,0.363636,1,0
setl_0030,bank_0106,14520.04,15249.42,729.38,0.050233,2,0,0,0.272727,1,0
setl_0135,bank_0184,35261.71,34592.28,669.43,0.018985,5,0,0,0.227273,1,0
setl_0158,bank_0123,21446.63,19345.41,2101.22,0.097974,12,0,1,0.227273,1,0
setl_0092,bank_0092,70311.54,70311.54,0.0,0.0,1,1,0,0.363636,1,1
setl_0131,bank_0007,85923.2,75901.43,10021.77,0.116636,3,0,0,0.363636,1,0
setl_0108,bank_0193,44727.91,44091.29,636.62,0.014233,2,0,0,0.363636,1,0
setl_0127,bank_0156,67150.84,61093.35,6057.49,0.090207,1,0,0,0.318182,1,0
setl_0206,bank_0059,88457.93,83947.94,4509.99,0.050985,2,0,0,0.227273,1,0
setl_0050,bank_0032,30947.0,32663.51,1716.51,0.055466,3,0,0,0.272727,1,0
setl_0044,bank_0052,68018.95,61018.92,7000.03,0.102913,1,0,0,0.227273,1,0
setl_0197,bank_0197,15646.81,15646.81,0.0,0.0,1,1,0,0.363636,1,1
setl_0169,bank_0006,34836.98,25935.14,8901.84,0.255528,3,0,1,0.318182,1,0
setl_0117,bank_0195,70612.27,63421.09,7191.18,0.10184,1,0,0,0.318182,1,0
setl_0131,bank_0099,85923.2,86221.98,298.78,0.003477,6,0,0,0.318182,1,0
setl_0024,bank_0159,73074.75,74547.16,1472.41,0.020149,13,0,1,0.272727,1,0
setl_0031,bank_split_0004,49730.0,48003.14,1726.86,0.034725,3,0,0,0.27907,1,0
setl_0136,bank_0051,10799.96,12194.65,1394.69,0.129138,1,0,0,0.27907,1,0
setl_0181,bank_0099,95951.8,86221.98,9729.82,0.101403,1,0,0,0.227273,1,0
setl_0097,bank_0100,21284.54,20861.76,422.78,0.019863,5,0,0,0.428571,1,0
setl_0178,bank_0062,52242.28,51812.67,429.61,0.008223,0,0,0,0.181818,1,0
setl_0156,bank_0020,61093.35,59647.3,1446.05,0.02367,5,0,0,0.272727,1,0
setl_0167,bank_orphan_dup_0004,94398.35,89855.54,4542.81,0.048124,1,0,0,0.232558,1,0
setl_0215,bank_0068,66903.9,64841.75,2062.15,0.030823,2,0,0,0.272727,1,0
setl_0095,bank_0095,87777.38,87777.38,0.0,0.0,1,0,1,0.590909,1,1
setl_0201,bank_0018,85008.31,90305.28,5296.97,0.062311,2,0,0,0.272727,1,0
setl_0068,bank_0027,64841.75,69465.0,4623.25,0.071301,11,0,1,0.272727,1,0
setl_0051,bank_0136,17420.93,10799.96,6620.97,0.380058,1,0,1,0.272727,1,0
setl_0122,bank_0201,86591.06,85008.31,1582.75,0.018278,4,0,0,0.181818,1,0
setl_0171,bank_split_0004,44161.48,48003.14,3841.66,0.086991,2,0,0,0.27907,1,0
setl_0033,bank_0070,87732.47,86900.58,831.89,0.009482,5,0,0,0.318182,1,0
setl_0191,bank_split_0009,13616.87,4085.06,9531.81,0.7,2,1,0,0.604651,1,1
setl_0130,bank_0130,16018.82,16018.82,0.0,0.0,1,1,0,0.590909,1,1
setl_0063,bank_0079,48987.94,45153.12,3834.82,0.078281,4,0,0,0.318182,1,0
setl_0040,bank_0040,39842.98,39842.98,0.0,0.0,1,1,0,0.590909,1,1
setl_0059,bank_0206,83947.94,88457.93,4509.99,0.053724,4,0,0,0.272727,1,0
setl_0220,bank_split_0011,70888.59,21266.58,49622.01,0.7,3,1,0,0.604651,1,1
setl_0215,bank_0027,66903.9,69465.0,2561.1,0.03828,12,0,1,0.318182,1,0
setl_0033,bank_0159,87732.47,74547.16,13185.31,0.15029,0,0,1,0.227273,1,0
setl_0035,bank_0178,58554.71,52242.28,6312.43,0.107804,9,0,1,0.227273,1,0
setl_0046,bank_0150,29244.16,27575.49,1668.67,0.05706,11,0,1,0.272727,1,0
setl_0075,bank_0033,86449.48,87732.47,1282.99,0.014841,3,0,0,0.363636,1,0
setl_0208,bank_0196,21721.97,19906.12,1815.85,0.083595,0,0,0,0.318182,1,0
setl_0107,bank_0145,34462.04,28569.46,5892.58,0.170988,11,0,1,0.272727,1,0
setl_0062,bank_0062,51812.67,51812.67,0.0,0.0,1,1,0,0.590909,1,1
setl_0014,bank_0014,37523.05,37523.05,0.0,0.0,1,1,0,0.590909,1,1
setl_0175,bank_0122,92641.81,86591.06,6050.75,0.065313,1,0,0,0.133333,1,0
setl_0033,bank_0185,87732.47,95013.48,7281.01,0.082991,14,0,1,0.272727,1,0
setl_0156,bank_0159,61093.35,74547.16,13453.81,0.220217,2,0,1,0.227273,1,0
setl_0180,bank_split_0007,71320.16,35660.08,35660.08,0.5,3,1,0,0.604651,1,1
setl_0088,bank_orphan_dup_0003,35897.35,37010.92,1113.57,0.031021,5,0,0,0.372093,1,0
setl_0207,bank_0207,70179.73,70179.73,0.0,0.0,1,1,0,0.590909,1,1
setl_0134,bank_0211,10403.54,10782.39,378.85,0.036415,3,0,0,0.272727,1,0
setl_0219,bank_0063,42696.02,48987.94,6291.92,0.147365,2,0,0,0.363636,1,0
setl_0087,bank_0120,63009.04,57026.64,5982.4,0.094945,2,0,0,0.318182,1,0
setl_0190,bank_0159,71305.52,74547.16,3241.64,0.045461,8,0,1,0.227273,1,0
setl_0202,bank_0097,22732.54,21284.54,1448.0,0.063697,1,0,0,0.272727,1,0
setl_0075,bank_0159,86449.48,74547.16,11902.32,0.137679,2,0,1,0.272727,1,0
setl_0060,bank_0012,96928.2,93877.93,3050.27,0.031469,5,0,0,0.272727,1,0
setl_0119,bank_0016,78127.62,81841.85,3714.23,0.047541,15,0,1,0.318182,1,0
setl_0038,bank_0188,21162.49,23452.15,2289.66,0.108194,0,0,0,0.272727,1,0
setl_0070,bank_0042,86900.58,94156.2,7255.62,0.083493,3,0,1,0.318182,1,0
setl_0029,bank_0019,65696.1,68845.96,3149.86,0.047946,5,0,0,0.318182,1,0
setl_0192,bank_0192,36876.68,36876.68,0.0,0.0,1,1,0,0.590909,1,1
setl_0155,bank_split_0004,80005.24,48003.14,32002.1,0.4,3,1,0,0.604651,1,1
setl_0099,bank_0160,86221.98,91994.46,5772.48,0.066949,1,0,0,0.272727,1,0
setl_0017,bank_0178,47863.13,52242.28,4379.15,0.091493,9,0,1,0.227273,1,0
setl_0149,bank_orphan_0003,6922.68,7294.36,371.68,0.05369,2,0,0,0.311111,1,0
setl_0120,bank_0125,57026.64,53527.22,3499.42,0.061365,0,0,0,0.363636,1,0
setl_0031,bank_0217,49730.0,54428.82,4698.82,0.094487,4,0,0,0.363636,1,0
setl_0130,bank_0009,16018.82,16210.46,191.64,0.011963,5,0,0,0.227273,1,0
setl_0196,bank_0196,19905.87,19906.12,0.25,1.3e-05,1,1,0,0.590909,1,1
setl_0034,bank_0034,14764.14,14764.14,0.0,0.0,1,1,0,0.590909,1,1
setl_0064,bank_0180,36993.84,35660.08,1333.76,0.036054,3,0,0,0.27907,1,0
setl_0065,bank_0022,24790.8,29800.7,5009.9,0.202087,11,0,1,0.363636,1,0
setl_0026,bank_0184,34386.86,34592.28,205.42,0.005974,7,0,0,0.272727,1,0
setl_0088,bank_0088,35897.35,35897.35,0.0,0.0,1,1,0,0.590909,1,1
setl_0020,bank_0029,59647.3,65696.1,6048.8,0.101409,1,0,0,0.272727,1,0
setl_0043,bank_0075,84921.41,86449.48,1528.07,0.017994,1,0,0,0.318182,1,0
setl_0147,bank_0160,83625.21,91994.46,8369.25,0.10008,0,0,0,0.272727,1,0
setl_0018,bank_0175,90305.28,92641.81,2336.53,0.025874,3,0,1,0.318182,1,0
setl_0013,bank_0013,71137.57,71137.57,0.0,0.0,1,1,0,0.590909,1,1
setl_0081,bank_0016,70007.88,81841.85,11833.97,0.169038,3,0,1,0.318182,1,0
setl_0092,bank_0127,70311.54,67150.84,3160.7,0.044953,0,0,0,0.272727,1,0
setl_0211,bank_0136,10782.39,10799.96,17.57,0.00163,14,0,1,0.318182,1,0
setl_0160,bank_0160,91994.46,91994.46,0.0,0.0,1,1,0,0.590909,1,1
setl_0062,bank_0137,51812.67,49508.61,2304.06,0.044469,3,0,0,0.272727,1,0
setl_0020,bank_0020,59647.3,59647.3,0.0,0.0,1,1,0,0.590909,1,1
setl_0220,bank_0141,70888.59,75237.48,4348.89,0.061348,1,0,0,0.318182,1,0
setl_0192,bank_0107,36876.68,34462.04,2414.64,0.065479,2,0,0,0.272727,1,0
setl_0081,bank_0090,70007.88,71091.46,1083.58,0.015478,1,0,0,0.318182,1,0
setl_0213,bank_0208,20633.58,21721.97,1088.39,0.052748,3,0,0,0.181818,1,0
setl_0202,bank_0056,22732.54,22446.36,286.18,0.012589,2,0,0,0.227273,1,0
setl_0126,bank_0117,63757.94,70612.27,6854.33,0.107506,3,0,0,0.363636,1,0
setl_0182,bank_0182,90438.07,90438.07,0.0,0.0,1,1,0,0.590909,1,1
setl_0121,bank_0131,85446.72,85923.2,476.48,0.005576,5,0,0,0.227273,1,0
setl_0181,bank_0212,95951.8,94492.09,1459.71,0.015213,2,0,0,0.227273,1,0
setl_0182,bank_0016,90438.07,81841.85,8596.22,0.095051,14,0,1,0.272727,1,0
setl_0210,bank_0212,88623.92,94492.09,5868.17,0.066214,3,0,0,0.227273,1,0
setl_0041,bank_0159,73097.21,74547.16,1449.95,0.019836,16,0,1,0.272727,1,0
setl_0160,bank_0147,91994.46,83625.21,8369.25,0.090976,2,0,0,0.318182,1,0
setl_0127,bank_0019,67150.84,68845.96,1695.12,0.025243,4,0,0,0.318182,1,0
setl_0186,bank_0027,67630.35,69465.0,1834.65,0.027128,3,0,1,0.272727,1,0
setl_0021,bank_0021,28593.87,28594.37,0.5,1.7e-05,1,1,0,0.590909,1,1
setl_0039,bank_0218,63018.81,41576.09,21442.72,0.340259,2,0,1,0.318182,1,0
setl_0104,bank_0218,36143.4,41576.09,5432.69,0.150309,1,0,1,0.318182,1,0
setl_0019,bank_0020,68845.96,59647.3,9198.66,0.133612,0,0,0,0.272727,1,0
setl_0166,bank_0016,81829.15,81841.85,12.7,0.000155,13,0,1,0.272727,1,0
setl_0119,bank_0072,78127.62,76573.19,1554.43,0.019896,3,0,0,0.227273,1,0
setl_0036,bank_0006,23351.58,25935.14,2583.56,0.110637,8,0,1,0.363636,1,0
setl_0154,bank_0206,83898.15,88457.93,4559.78,0.054349,2,0,0,0.272727,1,0
setl_0126,bank_0126,63757.94,63757.94,0.0,0.0,1,1,0,0.590909,1,1
setl_0167,bank_0033,94398.35,87732.47,6665.88,0.070614,3,0,0,0.318182,1,0
setl_0040,bank_0104,39842.98,36143.4,3699.58,0.092854,3,0,0,0.272727,1,0
setl_0085,bank_0085,36546.65,36546.65,0.0,0.0,1,1,0,0.590909,1,1
setl_0181,bank_0016,95951.8,81841.85,14109.95,0.147052,5,0,1,0.318182,1,0
setl_0116,bank_0175,79260.25,92641.81,13381.56,0.168831,9,0,1,0.272727,1,0
setl_0117,bank_0117,70612.27,70612.27,0.0,0.0,1,1,0,0.590909,1,1
setl_0090,bank_orphan_dup_0001,71090.71,66920.42,4170.29,0.058662,5,0,0,0.325581,1,0
setl_0069,bank_0013,65479.34,71137.57,5658.23,0.086412,4,0,0,0.318182,1,0
setl_0029,bank_0020,65696.1,59647.3,6048.8,0.092072,4,0,0,0.318182,1,0
setl_0061,bank_0035,52500.05,58554.71,6054.66,0.115327,0,0,0,0.272727,1,0
setl_0168,bank_0198,43203.02,49167.6,5964.58,0.138059,1,0,0,0.272727,1,0
